title,company,location,skills,skill
Data Analyst,Gajalakshmi Financial Servvices,"Mumbai, Maharashtra",,
Data Analyst,Techmantu Digital,"Bangalore, Karnataka",,
Data Analyst,Trinet Technologies,India,,
Data Analyst,IPG Mediabrands India,"Pune, Maharashtra","python, sql, power bi, tableau",python
Data Analyst,IPG Mediabrands India,"Pune, Maharashtra","python, sql, power bi, tableau",sql
Data Analyst,IPG Mediabrands India,"Pune, Maharashtra","python, sql, power bi, tableau",power bi
Data Analyst,IPG Mediabrands India,"Pune, Maharashtra","python, sql, power bi, tableau",tableau
Data Analyst,ComfNet Solutions GmbH,"Bangalore, Karnataka","power bi, tableau",power bi
Data Analyst,ComfNet Solutions GmbH,"Bangalore, Karnataka","power bi, tableau",tableau
Data Analyst,Phoenix Contact,"Faridabad, Haryana",,
Data Analyst,Maxima Apparel,India,power bi,power bi
Data Analyst,EliteRecruitments,"Delhi, India","python, sql",python
Data Analyst,EliteRecruitments,"Delhi, India","python, sql",sql
Data Analyst,VAANTECH,"Chennai, Tamil Nadu","excel, power bi, tableau",excel
Data Analyst,VAANTECH,"Chennai, Tamil Nadu","excel, power bi, tableau",power bi
Data Analyst,VAANTECH,"Chennai, Tamil Nadu","excel, power bi, tableau",tableau
Data Analyst,2Base Technologies,"Bangalore, Karnataka",,
Data Analyst,Styli,"Bangalore, Karnataka",,
Data Analyst,Crystal Works,"New Delhi, Delhi",,
Data Analyst,Artefact,"Pune, Maharashtra",,
Data Analyst,Technogen India Pvt. Ltd.,"Hyderabad, Telangana","python, sql",python
Data Analyst,Technogen India Pvt. Ltd.,"Hyderabad, Telangana","python, sql",sql
Data Analyst,Technogen India Pvt. Ltd.,"Hyderabad, Telangana","python, sql",python
Data Analyst,Technogen India Pvt. Ltd.,"Hyderabad, Telangana","python, sql",sql
Data Analyst,Zetheta Algorithms Private Limited,India,,
Data Analyst,SmartQ,"Bangalore, Karnataka",,
Data Analyst,PureSpectrum,"Hyderabad, Telangana",,
Data Analyst,Aditi Consulting,"Bangalore, Karnataka","python, sql",python
Data Analyst,Aditi Consulting,"Bangalore, Karnataka","python, sql",sql
Data Analyst,Blue Spire Inc,"Hyderabad, Telangana",,
Data Analyst,TEKsystems,India,,
Data Analyst,Darwinbox,"Hyderabad, Telangana",,
Data Analyst,ALTEN India,"Bangalore, Karnataka",,
Data Analyst,Chargeback Gurus,"Chennai, Tamil Nadu",,
Data Analyst,Silverspace Inc,"Ahmedabad, Gujarat",,
Data Analyst,Randstad,"Bangalore, Karnataka",,
Data Analyst,ICICI Lombard General Insurance Company Limited,"Mumbai, Maharashtra",,
Data Analyst,HINDCO Consulting Services,"Bangalore, Karnataka",,
Data Analyst,bp,"Pune, Maharashtra",sql,sql
Data Analyst,VOIS,India,,
Data Analyst,AAA Global,"Mumbai, Maharashtra",excel,excel
Data Analyst,Thriwe,"Delhi, India",,
Data Analyst,Midtown Software,"Chandigarh, India",,
Data Analyst @ Pune,Quess IT Staffing,"Pune, Maharashtra","python, sql, excel, power bi",python
Data Analyst @ Pune,Quess IT Staffing,"Pune, Maharashtra","python, sql, excel, power bi",sql
Data Analyst @ Pune,Quess IT Staffing,"Pune, Maharashtra","python, sql, excel, power bi",excel
Data Analyst @ Pune,Quess IT Staffing,"Pune, Maharashtra","python, sql, excel, power bi",power bi
Junior Data Analyst,Kliniko Ai,India,"python, sql",python
Junior Data Analyst,Kliniko Ai,India,"python, sql",sql
Guidewire Data Analyst,Zensar Technologies,"Pune, Maharashtra",,
Lead Data Analyst,Celsior,"Thiruvananthapuram, Kerala",,
Fresher Data Analyst,CryptoChakra,India,machine learning,machine learning
Senior Data Analyst,Eternz,"Bangalore, Karnataka",,
Senior Data Analyst,Different Hair Pvt. Ltd,"Chennai, Tamil Nadu",,
Associate Data Analyst,Allianz Services,"Pune, Maharashtra","python, sql, excel, power bi",python
Associate Data Analyst,Allianz Services,"Pune, Maharashtra","python, sql, excel, power bi",sql
Associate Data Analyst,Allianz Services,"Pune, Maharashtra","python, sql, excel, power bi",excel
Associate Data Analyst,Allianz Services,"Pune, Maharashtra","python, sql, excel, power bi",power bi
Customer Data Analyst,Netradyne,India,tableau,tableau
2764 - Data Analyst,EXL,"Pune, Maharashtra",sql,sql
Lead Data Analyst,Trantor,India,,
Fraud Data Analyst,Airtel Payments Bank,India,machine learning,machine learning
Master Data Analyst,Verdantis,"Mumbai, Maharashtra",machine learning,machine learning
Senior Data Analyst,Cognizant,"Hyderabad, Telangana","sql, excel, tableau",sql
Senior Data Analyst,Cognizant,"Hyderabad, Telangana","sql, excel, tableau",excel
Senior Data Analyst,Cognizant,"Hyderabad, Telangana","sql, excel, tableau",tableau
Guidewire-Data Analyst,ValueMomentum,"Hyderabad, Telangana","sql, power bi, tableau",sql
Guidewire-Data Analyst,ValueMomentum,"Hyderabad, Telangana","sql, power bi, tableau",power bi
Guidewire-Data Analyst,ValueMomentum,"Hyderabad, Telangana","sql, power bi, tableau",tableau
Senior Data Analyst,"Mettler-Toledo International, Inc","Mumbai, Maharashtra",,
Data Analyst - Alteryx,LTIMindtree,"Mumbai, Maharashtra","sql, excel",sql
Data Analyst - Alteryx,LTIMindtree,"Mumbai, Maharashtra","sql, excel",excel
Data Science Analyst,BlueHalo LLC,"Sandia Base, Bernalillo County",,
Data Analyst,DataAnnotation,"Riverside, Riverside County",python,python
Data Analyst,Health Insurance Alliance LLC,"Fort Lauderdale, Broward County",,
Data Analyst,Sterling Engineering Inc.,"Atlanta, Fulton County",,
Data Analyst,Harris & Harris,"Chicago, Cook County",,
Data Analyst,Axiom Software Solutions Limited,"New York City, New York",,
Data Analyst,Sanford Careers,"Marne, Ottawa County",,
Data Analyst,Gupta Media,"Boston, Suffolk County",,
Data Analyst,Beamer and Userflow,"Minneapolis, Hennepin County",,
"Staff Data Analyst, Product",Vercel,"Washington, Washington, D.C.",,
Contract Data Analyst,JST,"Aurora, Arapahoe County",,
Senior Data Analyst,DailyPay,"New York City, New York",,
Data Analyst Internship,ConnectPrep,"San Francisco, California",,
Senior Data Analyst,CSA Global LLC,"Dahlgren, King George County",,
Enterprise Data Analyst,CXtec,"Norcross, Gwinnett County",,
Data Analyst II,SierTeK Ltd.,"Dayton, Montgomery County",,
Metrics and Data Analyst,"THOR Solutions, LLC","Norfolk, Norfolk City",,
Data Analyst,ManpowerGroup,"Charlotte, Mecklenburg County",excel,excel
Data Analyst,Robert Half,"Nashville, Davidson County",,
Data Analyst,CACI International,"Riverside, Riverside County",python,python
Data Analyst,CBRE,"Grand Central, Manhattan",,
Data Analyst,CBRE,"Pico Heights, Los Angeles County",,
Data Analyst,Insight Global,"Wichita, Sedgwick County",,
Data Analyst,Insight Global,"Lathrup Village, Oakland County",excel,excel
Data Analyst,Robert Half,"Atlanta, Fulton County",,
Data Analyst,Continental Resources,"Oklahoma City, Oklahoma County",,
Data Analyst,UIC Government Services and the Bowhead Family of Companies,"Prichard, Mobile County",,
Data Analyst,Imagine One Technology & Management,"Washington, D.C., US",,
Data Analyst,Robert Half,"Atlanta, Fulton County","power bi, tableau",power bi
Data Analyst,Robert Half,"Atlanta, Fulton County","power bi, tableau",tableau
Data Analyst,Emerson,"Marshalltown, Marshall County",excel,excel
Data Analyst,Insight Global,"SoMa, San Francisco",,
Data Analyst,Insight Global,"Redmond, King County",,
Data Analyst,Robert Half,"Atlanta, Fulton County","excel, power bi, tableau",excel
Data Analyst,Robert Half,"Atlanta, Fulton County","excel, power bi, tableau",power bi
Data Analyst,Robert Half,"Atlanta, Fulton County","excel, power bi, tableau",tableau
Data Analyst,Robert Half,"Princeton, Mercer County",,
Data Analyst,Leidos,"Redstone Arsenal, Madison County",,
Data Analyst,"CGI Technologies and Solutions, Inc.","Lafayette, Lafayette Parish",,
Data Analyst,"CGI Technologies and Solutions, Inc.","Lonsdale, Knox County",,
DATA ANALYST,Home Depot,"Atlanta, Fulton County",,
Data Analyst,Robert Half,"Raritan, Somerset County",,
Data Analyst,University of Washington,"International, King County",,
Data Analyst,TEKsystems,"Corbins Corner, Hartford County",excel,excel
Data Analyst,Insight Global,"Quivira, Johnson County",,
Data Analyst,Cushman & Wakefield,"Grand Central, Manhattan",,
Data Analyst,Brookfield Properties,"Saint Andrews, Charleston County",,
Data Analyst,Motrex LLC,"Alpharetta, Fulton County",,
Data Analyst,Motrex LLC,"Fort Smith, Sebastian County",,
Data Analyst,Parsons Corporation,"Aiea, Honolulu",,
Data Analyst,Lyft,"Grand Central, Manhattan",,
Data Analyst,Paramount,"Pico Heights, Los Angeles County",,
Data Analyst,ICF,"Urbanización El Vedado, San Juan",,
Payroll Data Analyst,Hays,"Cheltenham, Gloucestershire",,
Finance Data Analyst,Hays,"London, UK",,
Data Analyst,First Recruitment Services,"Newhaven, East Sussex","sql, excel, power bi",sql
Data Analyst,First Recruitment Services,"Newhaven, East Sussex","sql, excel, power bi",excel
Data Analyst,First Recruitment Services,"Newhaven, East Sussex","sql, excel, power bi",power bi
Data Analyst,Lorien,"London, UK","sql, tableau",sql
Data Analyst,Lorien,"London, UK","sql, tableau",tableau
Data Analyst,Harnham - Data & Analytics Recruitment,"Derbyshire, East Midlands",,
Data Analyst,Cedar,"West Midlands, UK",,
Data Analyst,Proactive Appointments,"Northampton, Northamptonshire",,
Data Analyst,Tenth Revolution Group,"Fareham, Hampshire",,
Data Analyst,Proactive Appointments,"Exeter, Devon",power bi,power bi
Data Analyst,Corus Consultancy,"Birmingham, West Midlands",excel,excel
Data Analyst,Outserve,"Stafford, Staffordshire",,
Data Analyst,Harnham - Data & Analytics Recruitment,"Manchester, Greater Manchester",,
Data Analyst,Proprec,"South West England, UK",,
Data Analyst,Tenth Revolution Group,"London, UK",,
Data Analyst,Tenth Revolution Group,"London, UK",,
Data Analyst,Tenth Revolution Group,"Manchester, Greater Manchester",,
Data Analyst,Tenth Revolution Group,"Leeds, West Yorkshire",,
Carbon Data Analyst,Unipart,"Nuneaton, Warwickshire",,
SHEQ Data Analyst,FCC Environment,"Doncaster, South Yorkshire",,
Senior Data Analyst,Hays,"Markfield, Leicestershire",,
Customer Data Analyst,IMSERV EUROPE LIMITED,"Milton Keynes, Buckinghamshire",excel,excel
Data Analyst Trainee,ITOL Recruit,"Gloucester, Gloucestershire",,
Data Analyst Trainee,ITOL Recruit,"Ireland, Shefford",,
Data Analyst Trainee,ITOL Recruit,"Newcastle Upon Tyne, Tyne & Wear",,
Data Analyst Trainee,ITOL Recruit,"Slough, Berkshire",,
Data Analyst Trainee,ITOL Recruit,"Northampton, Northamptonshire",,
Data Analyst Trainee,ITOL Recruit,"Doncaster, South Yorkshire",,
Data Analyst Trainee,ITOL Recruit,"Blackpool, Lancashire",,
Data Analyst Trainee,ITOL Recruit,"Mansfield, Nottinghamshire",,
Data Analyst Trainee,ITOL Recruit,"Brighton, East Sussex",,
Data Analyst Trainee,ITOL Recruit,UK,,
Data Analyst Trainee,ITOL Recruit,"London, UK",,
Data Analyst Trainee,ITOL Recruit,"Peterborough, Eastern England",,
Data Analyst Trainee,ITOL Recruit,"Stoke-On-Trent, Staffordshire",,
Data Analyst Trainee,ITOL Recruit,"Birkenhead, Merseyside",,
Data Analyst Trainee,ITOL Recruit,"Heathrow, Hounslow",,
Data Analyst Trainee,ITOL Recruit,"Luton, Bedfordshire",,
Data Analyst Trainee,ITOL Recruit,"Wigan, Greater Manchester",,
Data Analyst Trainee,ITOL Recruit,"Ilford, Essex",,
Data Analyst Trainee,ITOL Recruit,"Plymouth, South West England",,
Data Analyst Trainee,ITOL Recruit,"Uxbridge, London",,
Data Analyst Trainee,ITOL Recruit,"Marton-In-Cleveland, Middlesbrough",,
Data Analyst Trainee,ITOL Recruit,"Preston, Lancashire",,
Data Analyst Trainee,ITOL Recruit,"Swindon, Wiltshire",,
Data Analyst Trainee,ITOL Recruit,"Portsmouth, Hampshire",,
Data Analyst Trainee,ITOL Recruit,"Glasgow City Centre, Glasgow",,
Data Analyst Trainee,ITOL Recruit,"Edinburgh Technopole, Milton Bridge",,
Data Analyst Trainee,ITOL Recruit,"Romford, Essex",,
Data Analyst Trainee,ITOL Recruit,"Norwich, Norfolk",,
Data Analyst Trainee,ITOL Recruit,"Barking, Essex",,
Data Analyst,FillaRole,"Concord, York region",,
Data Analyst,FLiiP,"Brossard, Champlain",,
Data Analyst,Spectrum Health Care,"Toronto, Ontario",,
Data Analyst,Insight Global,"Toronto, Ontario",,
Data Analyst,Insight Global,"Toronto, Ontario","power bi, tableau",power bi
Data Analyst,Insight Global,"Toronto, Ontario","power bi, tableau",tableau
Data Analyst,Insight Global,"Toronto, Ontario",,
Data Analyst,FillaRole,"North York, Toronto",,
Data Analyst,Swim Recruiting,"Greater Vancouver, British Columbia",,
Data Analyst,E-Trade,Canada,,
Data Analyst,Annexit Solutions,"Toronto, Ontario",,
Data Analyst,Sun Life Assurance Company of Canada,Canada,,
Data Analyst,Chubb,"Ontario, Canada",,
Data Analyst,Goodwill Industries of Alberta,"Southgate, Edmonton",,
Data Analyst,Central Business Solutions,"Verdun, Montréal",python,python
Data Analyst,Canada Life,"Winnipeg, Winnipeg region",,
Data Analyst,Mariner Innovations,"Halifax, Halifax region",,
Data Analyst,TheAppLabb,"Central Bay Street, City of Toronto",,
Data Analyst,Canadian Natural Resources Limited,"Calgary Tower, Calgary",,
Data Analyst,GoBolt,"Toronto, Ontario",,
Data Analyst,Stripe,Canada,,
Data Analyst,OSCAR Pro,Canada,,
Data Analyst,Queen's University,"Kingston, Lennox and Addington",,
Data Analyst,Dillon Consulting Limited,"King and Spadina, City of Toronto","excel, power bi",excel
Data Analyst,Dillon Consulting Limited,"King and Spadina, City of Toronto","excel, power bi",power bi
Data Analyst,Thales,Canada,,
Data Analyst,Detect,"Dartmouth, Halifax region",,
Data Analyst,Cover Genius,"Greater Vancouver, British Columbia",,
Data Analyst,Stripe,"Toronto, Ontario",,
Data Analyst,Ford Motor Company,"Oakville, Halton",,
Data Analyst,7shifts,"Toronto, Ontario",,
Data Analyst,FLiiP,"Brossard, Champlain",,
Data Analyst,Amilia,"Verdun, Montréal",,
Data Analyst,Smartrend Manufacturing Group,"Winnipeg, Winnipeg region",,
Data Analyst,CBRE,"Toronto, Ontario",,
Data Analyst,Workstream,"Greater Vancouver, British Columbia",,
Data Analyst,Spectrum Health Care,"Toronto, Ontario",,
Data Analyst,Tailscale,Canada,,
Data Analyst,TransCanada PipeLines Limited,"Calgary, Calgary region",,
Data Analyst,TC Energy,"Calgary, Calgary region",,
Data Analyst,Verisk,"Markham, York region",,
Data Analyst,Intact,"Toronto, Ontario",,
Data Analyst,Cooke Aquaculture Inc.,"Saint John, Saint John region",,
Data Analyst,Zynga,Canada,,
Data Analyst,Edmonton Public Library,"Edmonton, Edmonton region",,
Data Analyst,Zynga,"Toronto, Ontario",,
Data Analyst,J&M Group,"Mississauga, Peel region",excel,excel
Data Analyst,Intact Financial Corporation,Canada,,
Data Analyst,Cooke Aquaculture Inc.,"Saint John, Saint John region",,
Data Analyst,BALANCED PLUS INC.,"Mississauga, Peel region",,
"Data Analyst, Metrics",Lyft,"Toronto, Ontario",,
Mainframe Data Analyst,Maarut Inc,"East York, Toronto",,
Data Analyst,carsales,"Melbourne, Melbourne Region",sql,sql
Data Analyst,HorizonOne,"Canberra Region, Australian Capital Territory",,
Data Analyst,CodeGen,"Melbourne, Melbourne Region",,
Data Analyst,Whizdom Recruitment,"The Rocks, Sydney",,
Data Analyst,City of Port Phillip,Australia,,
Data Analyst,OMD Australia,"The Rocks, Sydney",,
Data Analyst,Easyagile,"New South Wales, Australia",,
Data Analyst,APS,"Waverton, North Sydney Area",,
Data Analyst,BetaShares,"The Rocks, Sydney",,
Data Analyst,Ferocia,"Melbourne, Melbourne Region",,
Data Analyst,Advertising Industry Careers,"North Sydney, North Sydney Area",,
Data Analyst,Bingo Industries,"Silverwater, Auburn Area","sql, excel, power bi",sql
Data Analyst,Bingo Industries,"Silverwater, Auburn Area","sql, excel, power bi",excel
Data Analyst,Bingo Industries,"Silverwater, Auburn Area","sql, excel, power bi",power bi
Data Analyst,Professional Search Group,"Subiaco, Subiaco Area",,
Data Analyst,Infomedia,"Sydney, Sydney Region",,
Data Analyst,Easy Agile,"New South Wales, Australia",,
Data Analyst,nib Health Funds Limited,"Newcastle Area, Newcastle Region",,
Data Analyst,Shippit,"The Rocks, Sydney",,
Data Analyst,Heritage Bank,"Queensland, Australia",,
Data Analyst,Northern Territory Government,"Darwin Region, Northern Territory",,
Data Analyst,hipages Group,"Sydney, Sydney Region",,
Data Analyst,Victorian Electoral Commission,"Melbourne, Melbourne Region",,
Data Analyst,Nationwide News Pty,"Surry Hills, Sydney",,
Senior Data Analyst,Clicks IT Recruitment,"Clayton, Monash Area",excel,excel
Senior Data Analyst,FourQuarters,"Melbourne, Melbourne Region",,
Senior Data Analyst,NielsenIQ,"North Sydney Area, North Shore",,
Business & Data Analyst,Kinexus,"Sydney, Sydney Region",,
Financial Data Analysts,Infinite Consulting,"Canberra Region, Australian Capital Territory",,
Senior Data Analyst,GSB,Australia,"sql, aws",sql
Senior Data Analyst,GSB,Australia,"sql, aws",aws
Data Analyst with Superannuation,IQ Group Australia,"Melbourne, Melbourne Region",,
Senior Data Analyst,Luxury Escapes,"The Rocks, Sydney",,
Healthcare Data Analyst,Eaton Building Materials,"Blue Haven, Wyong Area",,
Marketing Data Analyst,Allens,"Melbourne CBD, Melbourne",,
Merchandise Data Analyst,Forever New,"Richmond, Yarra Area",,
Merchandise Data Analyst,Page Up,Australia,,
Senior Data Analyst,Department of Communities and Justice,"Parramatta, Parramatta Area",,
Senior Data Analyst,Mable,"Brisbane CBD, Brisbane",,
Lead Data Analyst,Wesfarmers OneDigital,"Melbourne, Melbourne Region",,
Senior Data Analyst,myCareer,Australia,,
Marketing Data Analyst,The Leading Edge,"Sydney, Sydney Region",,
Senior Data Analyst,VAU Versent Pty,"Melbourne, Melbourne Region","power bi, azure",power bi
Senior Data Analyst,VAU Versent Pty,"Melbourne, Melbourne Region","power bi, azure",azure
Senior Data Analyst,Marlee,"Sydney, Sydney Region",,
Jr. Data Analyst,Lenovo,Australia,,
Senior Data Analyst,Grant Thornton Australia Limited,"Sydney, Sydney Region",,
Lead Data Analyst,Macquarie University,Australia,,
Senior Data Analyst,RELX Trading Australia Pty Limited Company,"Sydney, Sydney Region",,
Senior Data Analyst,RELX INC,"Sydney, Sydney Region",,
Senior Data Analyst,Mable,Australia,,
Client Data Analyst,realestate.com.au Pty,"Sydney, Sydney Region",,
Sustainability Data Analyst,UOM University of Melbourne,"Parkville, Upper Hunter",,
Digital Data Analyst,Advertising Industry Careers,"Sydney, Sydney Region",,
Data Scientist,HirePower Staffing Solution,"Mumbai, Maharashtra",machine learning,machine learning
Data Scientist,The Guide,India,,
Data Scientist,v4c.ai,India,machine learning,machine learning
Data Scientist,Protium,"Bangalore, Karnataka",,
Data Scientist,Cygnus AI Solutions,"Mumbai, Maharashtra",,
Data Scientist,Cron Labs,"Bangalore, Karnataka",,
Data Scientist,AB InBev GCC India,"Bangalore, Karnataka",,
Data Scientist,bp,"Pune, Maharashtra",,
Data Scientist,AB InBev GCC India,"Bangalore, Karnataka",,
Data Scientist,Alp Consulting Ltd.,"Pune, Maharashtra","python, aws, azure, machine learning",python
Data Scientist,Alp Consulting Ltd.,"Pune, Maharashtra","python, aws, azure, machine learning",aws
Data Scientist,Alp Consulting Ltd.,"Pune, Maharashtra","python, aws, azure, machine learning",azure
Data Scientist,Alp Consulting Ltd.,"Pune, Maharashtra","python, aws, azure, machine learning",machine learning
Data Scientist,Zensar Technologies,India,azure,azure
Data Scientist,Acunor,"Bangalore, Karnataka","python, machine learning",python
Data Scientist,Acunor,"Bangalore, Karnataka","python, machine learning",machine learning
Data Scientist,Deloitte,"Bangalore, Karnataka",machine learning,machine learning
Data Scientist,True North Marine an Accelleron Company,India,,
Data Scientist,Quess Corp Limited,"Pune, Maharashtra",machine learning,machine learning
Data Scientist,Celebal Technologies,"Jaipur, Rajasthan",,
Data Scientist,Mount Talent Consulting Pvt Ltd.,"Hyderabad, Telangana",,
Data Scientist,Tata Consultancy Services,"Hyderabad, Telangana",machine learning,machine learning
Data Scientist,AB InBev GCC India,"Bangalore, Karnataka",,
Data Scientist,Tiger Analytics,"Bangalore, Karnataka",python,python
Data Scientist,Recro,"Bangalore, Karnataka",,
Data Scientist,vueverse.,India,"azure, machine learning",azure
Data Scientist,vueverse.,India,"azure, machine learning",machine learning
Data Scientist,Valiance Solutions,"Bangalore, Karnataka",,
Data Scientist,Tiger Analytics,"Bangalore, Karnataka","python, azure",python
Data Scientist,Tiger Analytics,"Bangalore, Karnataka","python, azure",azure
Data Scientist,Styli,"Bangalore, Karnataka",,
Data Scientist,InSnap Technologies Pvt Ltd,"Bangalore, Karnataka",,
Data Scientist,Maxis AI,"Hyderabad, Telangana",,
Data Scientist,Topskill.io,India,,
Data Scientist,AppLogic Networks,"Bangalore, Karnataka",machine learning,machine learning
Data Scientist,Recro,"Bangalore, Karnataka",,
Data Science,Persistent Systems,"Pune, Maharashtra",,
Data Scientist,Eloelo,"Bangalore, Karnataka",,
Data Scientist,AB InBev GCC India,"Bangalore, Karnataka",,
Data Scientist,mool.ai,"Gurgaon, Haryana",machine learning,machine learning
Data scientist,People Tech Group Inc,"Hyderabad, Telangana",,
Data Scientist,Tietoevry,"Bangalore, Karnataka",azure,azure
Data Scientist,BIG Language Solutions,"Noida, Ghaziabad",python,python
Data Scientist,KPMG India,India,,
Data Scientist,AppLogic Networks,"Bangalore, Karnataka",machine learning,machine learning
Data Scientist,Marsh McLennan,"Pune, Maharashtra",machine learning,machine learning
Data Scientist,Tata Consultancy Services,"Mumbai, Maharashtra","python, machine learning",python
Data Scientist,Tata Consultancy Services,"Mumbai, Maharashtra","python, machine learning",machine learning
Data Scientist,Tatras Data,"New Delhi, Delhi",machine learning,machine learning
Data Scientist,HCLTech,India,"aws, machine learning",aws
Data Scientist,HCLTech,India,"aws, machine learning",machine learning
Data Scientist,IndusInd Bank,"Chennai, Tamil Nadu",,
Data Scientist,"ARKRAY, Inc.","Pune, Maharashtra",machine learning,machine learning
Data Scientist,EXL,India,"python, sql, azure, machine learning",python
Data Scientist,EXL,India,"python, sql, azure, machine learning",sql
Data Scientist,EXL,India,"python, sql, azure, machine learning",azure
Data Scientist,EXL,India,"python, sql, azure, machine learning",machine learning
Data Scientist,BAY6.AI,"Hyderabad, Telangana",,
Data Scientist,Tata Consultancy Services,"Hyderabad, Telangana","python, excel, aws, azure, machine learning",python
Data Scientist,Tata Consultancy Services,"Hyderabad, Telangana","python, excel, aws, azure, machine learning",excel
Data Scientist,Tata Consultancy Services,"Hyderabad, Telangana","python, excel, aws, azure, machine learning",aws
Data Scientist,Tata Consultancy Services,"Hyderabad, Telangana","python, excel, aws, azure, machine learning",azure
Data Scientist,Tata Consultancy Services,"Hyderabad, Telangana","python, excel, aws, azure, machine learning",machine learning
Data Scientist,Networth Corp,"Bangalore, Karnataka",machine learning,machine learning
Data Scientist,Straive,India,,
Data Scientist/Senior Data Scientist,Knowli Corp dba Knowli Data Science,"Tallahassee, Leon County",,
Data Scientist,Equinox,"New York City, New York",,
Sr. Data Scientist - Remote,UnitedHealthcare,"Hopkins, Hennepin County",,
Data Scientist,Sancorp Consulting LLC,"Dayton, Montgomery County",,
Data Scientist,The JAAW Group,"Salt Lake City, Salt Lake County",,
Data Scientist,Sphinx LLC,"Quantico, Prince William County",,
Data Scientist,Eyecarecenterofsalem,"Portland, Multnomah County",machine learning,machine learning
Data Scientist,Forhyre,"New York City, New York",,
Data Scientist,Halvik,"Washington, Washington, D.C.",machine learning,machine learning
DATA SCIENTIST,4P Consulting Inc.,"Forest Park, Clayton County",machine learning,machine learning
Data Scientist,RxSense,"Boston, Suffolk County",,
Data Scientist,Catapult Solutions Group,"California City, Kern County",,
Data Scientist,"WhirlWind Technologies, LLC","Oxon Hill, Prince George's County",,
Data Scientist,Jerry.ai,"Nashville, Davidson County",,
Data Scientist,Jerry.ai,"Miami, Miami-Dade County",,
Data Scientist,Jerry.ai,"Newark, Essex County",,
Data Scientist,Jerry.ai,"Los Angeles, Los Angeles County",,
Data Scientist,Jerry.ai,"Richmond City, Richmond County",,
Data Scientist,Rev.io,"Atlanta, Fulton County",,
Data Scientist,Autonomous Solutions,"Mendon, Cache County",,
Data Scientist,Rentable,"Madison, Dane County",,
Data Scientist,Talent Navigation Experts,"Denver, Colorado",,
Data Scientist,"Buyers Edge Platform, LLC","Lake Worth, Palm Beach County",,
Data Scientist,Parafin,"San Francisco, California",,
Data Scientist,Applied Physics,"New York City, New York",machine learning,machine learning
Data Scientist,Padmore Global Connections LLC,"Atlanta, Fulton County",,
Data Scientist,Unified,"New York City, New York",machine learning,machine learning
Data Scientist,RMA Associates LLC,"Arlington, Arlington County",,
Data Scientist,SierTeK Ltd.,"Dayton, Montgomery County",,
Data Scientist,Apogee Integration LLC,"Chantilly, Fairfax County",sql,sql
Data Scientist,Harris-Stowe State University,"Saint Louis, Saint Louis County",,
Data Scientist,4P Consulting Inc.,"Atlanta, Fulton County","python, machine learning",python
Data Scientist,4P Consulting Inc.,"Atlanta, Fulton County","python, machine learning",machine learning
Data Scientist/Senior Data Scientist,Knowli Corp dba Knowli Data Science,"Tallahassee, Leon County","python, sql",python
Data Scientist/Senior Data Scientist,Knowli Corp dba Knowli Data Science,"Tallahassee, Leon County","python, sql",sql
Data Scientist (Senior),Vector CSP LLC,US,machine learning,machine learning
Data Scientist,CloudTech Innovations,"Boston, Suffolk County",machine learning,machine learning
Data Scientist,Figma,"Hayes Valley, San Francisco",,
Data Scientist,Robert Half,"Houston, Houston County",,
Data Scientist,World Services LLC,"Washington, Washington, D.C.",machine learning,machine learning
Data Scientist,Robert Half,"Glendale, Maricopa County",machine learning,machine learning
Data Scientist,Oxefit Inc,"Plano, Collin County",,
Data Scientist,NS2 Mission,"Washington, Washington, D.C.",,
Data Scientist,Bay Area Environmental Research Institute,"Mountain View, Santa Clara County",,
Sr. Data Scientist,ARC Group,"Atlanta, Fulton County",,
Principal Data Scientist,MediaAlpha,"Los Angeles, Los Angeles County",,
Senior Data Scientist,VANGUARD CHARITABLE ENDOWMENT PROGRAM,"Malvern, Chester County",,
Data Scientist 1,4P Consulting Inc.,"Atlanta, Fulton County",machine learning,machine learning
Sr. Data Scientist,TechOp Solutions International,"Tampa, Hillsborough County",,
Senior Data Scientist,Kros-Wise,"San Diego, San Diego County",machine learning,machine learning
Senior Data Scientist,Barbaricum,"Falls Church City, Virginia",,
"Data Scientist, GivingTuesday",DARO,"Katy, Harris County",,
Data Scientist,Searchability NS&D,"Cheltenham, Gloucestershire","python, excel, aws, azure, machine learning",python
Data Scientist,Searchability NS&D,"Cheltenham, Gloucestershire","python, excel, aws, azure, machine learning",excel
Data Scientist,Searchability NS&D,"Cheltenham, Gloucestershire","python, excel, aws, azure, machine learning",aws
Data Scientist,Searchability NS&D,"Cheltenham, Gloucestershire","python, excel, aws, azure, machine learning",azure
Data Scientist,Searchability NS&D,"Cheltenham, Gloucestershire","python, excel, aws, azure, machine learning",machine learning
Data Scientist,Pontoon,"Solihull, West Midlands",,
Data Scientist,Tenth Revolution Group,"London, UK",sql,sql
Data Scientist,Searchability,"Manchester, Greater Manchester","python, excel, aws",python
Data Scientist,Searchability,"Manchester, Greater Manchester","python, excel, aws",excel
Data Scientist,Searchability,"Manchester, Greater Manchester","python, excel, aws",aws
Data Scientist,CEF - City Electrical Factors - IT,"Durham, County Durham",,
Data Scientist,Ikhoi Recruitment,"Manchester, Greater Manchester",,
RWE Data Scientist,CK Group,"Warrington, Cheshire",,
Data Science Lead,Searchability NS&D,"Gloucester, Gloucestershire",,
Data Science Trainee,ITOL Recruit,"Ilford, Essex",,
Data Science Trainee,ITOL Recruit,"Newport, Wales",,
Data Science Trainee,ITOL Recruit,"Mansfield, Nottinghamshire",,
Data Science Trainee,ITOL Recruit,"Huddersfield, West Yorkshire",,
Data Science Trainee,ITOL Recruit,"Coventry, West Midlands",,
Data Science Trainee,ITOL Recruit,"Liverpool, Merseyside",,
Data Science Trainee,ITOL Recruit,"Milton Keynes, Buckinghamshire",,
Data Science Trainee,ITOL Recruit,"County Antrim, Northern Ireland",,
Data Science Trainee,ITOL Recruit,"Southampton, Hampshire",,
Data Science Trainee,ITOL Recruit,"Stockport, Greater Manchester",,
Data Science Trainee,ITOL Recruit,"Bradford, West Yorkshire",,
Data Science Trainee,ITOL Recruit,"Leeds, West Yorkshire",,
Data Science Trainee,ITOL Recruit,"Portsmouth, Hampshire",,
Data Science Trainee,ITOL Recruit,"Harrow, London",,
Data Science Trainee,ITOL Recruit,"Ireland, Shefford",,
Data Science Trainee,ITOL Recruit,"Birkenhead, Merseyside",,
Data Science Trainee,ITOL Recruit,"Preston, Lancashire",,
Data Science Trainee,ITOL Recruit,"Nottingham, Nottinghamshire",,
Data Science Trainee,ITOL Recruit,"Doncaster, South Yorkshire",,
Data Science Trainee,ITOL Recruit,"Enfield, London",,
Data Science Trainee,ITOL Recruit,"Barking, Essex",,
Data Science Trainee,ITOL Recruit,"Croydon, London",,
Data Science Trainee,ITOL Recruit,"Bristol, South West England",,
Data Science Trainee,ITOL Recruit,"Birmingham, West Midlands",,
Data Science Trainee,ITOL Recruit,"Leicester, Leicestershire",,
Data Science Trainee,ITOL Recruit,"Southend-On-Sea, Essex",,
Data Science Trainee,ITOL Recruit,"Hull, East Riding Of Yorkshire",,
Data Science Trainee,ITOL Recruit,"Northampton, Northamptonshire",,
Data Science Trainee,ITOL Recruit,"Bournemouth, Dorset",,
Data Science Trainee,ITOL Recruit,"Brighton, East Sussex",,
Data Science Trainee,ITOL Recruit,"Sutton Coldfield, West Midlands",,
Data Science Trainee,ITOL Recruit,"Peterborough, Eastern England",,
Data Science Trainee,ITOL Recruit,"Macclesfield, Cheshire",,
Data Science Trainee,ITOL Recruit,"Gloucester, Gloucestershire",,
Data Science Trainee,ITOL Recruit,"Ipswich, Suffolk",,
Data Science Trainee,ITOL Recruit,"Walsall, West Midlands",,
Data Science Trainee,ITOL Recruit,"Crawley, West Sussex",,
Data Science Trainee,ITOL Recruit,"Edinburgh Technopole, Milton Bridge",,
Data Science Trainee,ITOL Recruit,"London, UK",,
Data Science Trainee,ITOL Recruit,"Heathrow, Hounslow",,
Data Science Trainee,ITOL Recruit,"Stoke-On-Trent, Staffordshire",,
Data Science Trainee,ITOL Recruit,"Glasgow City Centre, Glasgow",,
Data Scientist,Bombardier,"Dorval, Montréal",excel,excel
Data Scientist,Bombardier,"Dorval, Montréal",excel,excel
Data Scientist,Insight Global,"Saskatoon, Saskatchewan",,
Data Scientist,Bombardier,"Dorval, Montréal",excel,excel
Data Scientist,Salt,"Toronto, Ontario",,
Data Scientist,Larus Technologies,"Ottawa, Ottawa region",,
Data Scientist,Ubisoft,"Montréal, Québec",machine learning,machine learning
Data Scientist,Ample Insight Inc.,"Toronto, Ontario",machine learning,machine learning
DATA SCIENTIST,AbbVie,"Montréal, Québec",,
Data Scientist,E-Trade,Canada,,
Data Scientist,Pearl Technologies LTD.,"Brampton, Peel region",,
Data Scientist,Targeted Talent,Canada,,
Data Scientist,Salt Xc,"Toronto, Ontario",,
Data Scientist,SilentEight,"Toronto, Ontario",,
Data Scientist,Stripe,"Toronto, Ontario",,
Data Scientist,Targeted Talent,"Edmonton, Edmonton region",,
Data Scientist,Targeted Talent,"Kitchener, Waterloo region",,
Data Scientist,Targeted Talent,"Calgary, Calgary region",,
Data Scientist,Targeted Talent,"Vancouver, Greater Vancouver",,
Data Scientist,Targeted Talent,"Ottawa, Ottawa region",,
Data Scientist,Targeted Talent,"Winnipeg, Winnipeg region",,
Data Scientist,Targeted Talent,"Halifax, Halifax region",,
Data Scientist,Targeted Talent,"Saskatoon, Saskatchewan",,
Data Scientist,Targeted Talent,"Saint John, Saint John region",,
Data Scientist,Targeted Talent,"Montréal, Québec",,
Data Scientist,Targeted Talent,"New Westminster, Greater Vancouver",,
Data Scientist,Aviva Employment Services,Canada,,
Data Scientist,Aviva Canada,"Markham, York region",,
Data Scientist,SE Health,"Toronto, Ontario",,
Data Scientist,Pythian,Canada,excel,excel
Data Scientist,Northbridge Financial Corporation,Canada,machine learning,machine learning
Data Scientist,V15P1Talonnn,"Toronto, Ontario",,
Data Scientist,Targeted Talent,Canada,sql,sql
Data Scientist,Targeted Talent,"Halifax, Halifax region",sql,sql
Data Scientist,Targeted Talent,"North Vancouver, Greater Vancouver",sql,sql
Data Scientist,Targeted Talent,"Calgary, Calgary region",sql,sql
Data Scientist,Targeted Talent,"Edmonton, Edmonton region",sql,sql
Data Scientist,Targeted Talent,"Winnipeg, Winnipeg region",sql,sql
Data Scientist,Targeted Talent,"Québec, Canada",sql,sql
Data Scientist,Targeted Talent,"Vancouver, Greater Vancouver",sql,sql
Data Scientist,Targeted Talent,"Ottawa, Ottawa region",sql,sql
Data Scientist,Targeted Talent,"Saskatoon, Saskatchewan",sql,sql
Data Scientist,Targeted Talent,"Waterloo, Waterloo region",sql,sql
Data Scientist,Targeted Talent,"Kitchener, Waterloo region",sql,sql
Data Scientist,Targeted Talent,"Montréal, Québec",sql,sql
Data Scientist,Canada Goose,Canada,,
Data Scientist,Alquemy,"Toronto, Ontario","python, sql",python
Data Scientist,Alquemy,"Toronto, Ontario","python, sql",sql
Data Scientist,StackAdapt,Canada,,
Data Scientist,Larus Technologies,"Ottawa, Ottawa region",,
Data Scientist,Aviva Employment Services,Canada,,
Data Scientist,Modo Energy,"The Rocks, Sydney",,
Data Scientist,Whizdom,"The Rocks, Sydney",,
Data Scientist,ACM,"The Rocks, Sydney",,
Data Scientist,Akkodis group,"The Rocks, Sydney",aws,aws
Data Scientist,oOh!media Limited,"The Rocks, Sydney",,
Product Data Science (Senior & Staff Data Scientist),Xero,"The Rocks, Sydney",,
Product Data Science (Senior & Staff Data Scientist),Xero,"Leigh Creek, Moorabool Area",,
Head of Data Science,Tech & Data People,"Leigh Creek, Moorabool Area",,
Senior Data Scientist,Mutinex,"The Rocks, Sydney",,
Senior Data Scientist,Peoplebank,"The Rocks, Sydney",python,python
Senior Data Scientist,Evolution Australia,"The Rocks, Sydney",,
Senior Data Scientist,Commonwealth Bank,"The Rocks, Sydney",,
Senior Data Scientist,ALDI Stores Australia,"The Rocks, Sydney",,
Principal Data Scientist,Cochlear Limited,"The Rocks, Sydney",,
Senior Data Scientist,Airtasker,"The Rocks, Sydney",,
Principal Data Scientist,C01 Cochlear Limited ,Australia,,
"Specialist, Data Scientist",IAG,"The Rocks, Sydney",machine learning,machine learning
AI Data Scientist,Macquarie Bank Limited,"The Rocks, Sydney",,
"Insight Data Scientist, PeakAI",UiPath,"The Rocks, Sydney",,
"Insight Data Scientist, PeakAI",UiPath,"The Rocks, Sydney",,
Contract Data Scientist (GenAI),Michael Page Australia,"The Rocks, Sydney",excel,excel
Senior Consultant – Data Science,Scyne Advisory,"The Rocks, Sydney",,
Senior Staff Data Scientist,Commonwealth Bank,"The Rocks, Sydney",,
Data Scientist (Credit Risk),Zip Co,"The Rocks, Sydney",,
Data Scientist (Credit Risk),Zip Pay,"The Rocks, Sydney",,
Data Scientist (Credit Risk),Zip Co Limited,"The Rocks, Sydney",,
"Data Scientist, Reinforcement Learning",Binance,"The Rocks, Sydney",,
"Product Data Science @ Xero (Multiple roles available, Senior & Staff Data Scientist)",Xero,Australia,,
Data Scientist - Data Intelligence - Data Enrichment Team,Culture Amp,"The Rocks, Sydney",,
AI Data Scientist (Senior/Principal),Heatseeker,"The Rocks, Sydney",,
Senior Data Scientist / AI Specialist,Endava,"The Rocks, Sydney",,
"Data Scientist, Market Growth Lifecycle",Binance,"The Rocks, Sydney",,
Data Scientist - Data Intelligence - Data Enrichment Team Sydney,Culture Amp,"The Rocks, Sydney",,
Senior Product Manager - Data Science Assets,Pearson,Australia,,
Senior Staff Data Scientist- Agentic AI,Commonwealth Bank,"The Rocks, Sydney",excel,excel
Senior Data Scientist –Gen AI Chatbot,Commonwealth Bank,"The Rocks, Sydney",,
Senior Manager- Data Science and Agentic AI,Commonwealth Bank,"The Rocks, Sydney",excel,excel
Senior Data Scientist - Gen AI & Agentic AI,Commonwealth Bank,"The Rocks, Sydney",,
"Principal Data Scientist - Gen AI, Agentic AI(Retail Banking Services)",Commonwealth Bank,"The Rocks, Sydney",,
Data Scientist (Product Data Science),Xero,Australia,machine learning,machine learning
Data Scientist (Product Data Science),Xero,Australia,,
Data Scientist,HorizonOne,"Canberra Region, Australian Capital Territory",,
Data Scientist,Talenza,"Sydney, Sydney Region",,
Data Scientist,Cotiviti,Australia,machine learning,machine learning
Data Scientist,Modo Energy,"Sydney, Sydney Region",,
Data Scientist,Acciona Construction Australia Pty,Australia,,
Data Scientist,The Onset,"Sydney, Sydney Region",,
Data Scientist,iSelect,"West Melbourne, Melbourne",,
Data Scientist,Australian Community Media,"Sydney Region, New South Wales",,
Data Scientist,Lorikeet,"Sydney, Sydney Region",,
Machine Learning Engineer,EliteRecruitments,"Delhi, India","python, machine learning",python
Machine Learning Engineer,EliteRecruitments,"Delhi, India","python, machine learning",machine learning
Machine Learning Engineer,WTW,"Kolkata, West Bengal",machine learning,machine learning
Machine Learning Engineer,Recro,India,machine learning,machine learning
Machine Learning Engineer,Tata Consultancy Services,"Bangalore, Karnataka","excel, machine learning",excel
Machine Learning Engineer,Tata Consultancy Services,"Bangalore, Karnataka","excel, machine learning",machine learning
Machine Learning Engineer,Discovr AI,India,machine learning,machine learning
Machine Learning Engineer,KeyValue Software Systems,"Kochi, Ernakulam",,
Machine Learning Engineer,Tech Mahindra,"Hyderabad, Telangana","python, machine learning",python
Machine Learning Engineer,Tech Mahindra,"Hyderabad, Telangana","python, machine learning",machine learning
Machine Learning Engineer,Hero Vired,"Delhi, India",,
Machine Learning Engineer,Astreya,India,machine learning,machine learning
Machine Learning Engineer,Wissen Infotech,India,"excel, machine learning",excel
Machine Learning Engineer,Wissen Infotech,India,"excel, machine learning",machine learning
Machine Learning Engineer,vueverse.,India,machine learning,machine learning
Machine Learning Engineer,Rail Labs,"Chennai, Tamil Nadu",machine learning,machine learning
Machine Learning Engineer,ValueLabs,India,"python, machine learning",python
Machine Learning Engineer,ValueLabs,India,"python, machine learning",machine learning
Machine Learning Engineer,Intellias,India,"aws, machine learning",aws
Machine Learning Engineer,Intellias,India,"aws, machine learning",machine learning
Machine Learning Engineer,"Lytx, Inc.","Bangalore, Karnataka",machine learning,machine learning
Machine Learning Engineer,Gabeo.ai,"Delhi, India",,
Machine Learning Engineer,Impetus,"Pune, Maharashtra",machine learning,machine learning
Machine Learning Engineer,Firstsource,India,python,python
Machine Learning Engineer,AB InBev GCC India,"Bangalore, Karnataka",,
Machine Learning Engineer,Branch International,India,,
Machine Learning Engineer,Fast Code AI,"Bangalore, Karnataka",,
Machine Learning Engineer,UptimeAI Inc.,"Bangalore, Karnataka",,
Machine Learning Engineer,"Mettler-Toledo International, Inc","Mumbai, Maharashtra",,
Machine Learning Engineer,HCLTech,"Chennai, Tamil Nadu",machine learning,machine learning
Machine Learning Engineer,Undisclosed,"Bangalore, Karnataka",python,python
Machine Learning Engineer,Allshore Technologies,"Hyderabad, Telangana",python,python
Machine Learning Engineer,Skylark Labs,"Pune, Maharashtra",,
Machine Learning Engineer,Infogain,"Noida, Ghaziabad","python, sql, excel, aws, machine learning",python
Machine Learning Engineer,Infogain,"Noida, Ghaziabad","python, sql, excel, aws, machine learning",sql
Machine Learning Engineer,Infogain,"Noida, Ghaziabad","python, sql, excel, aws, machine learning",excel
Machine Learning Engineer,Infogain,"Noida, Ghaziabad","python, sql, excel, aws, machine learning",aws
Machine Learning Engineer,Infogain,"Noida, Ghaziabad","python, sql, excel, aws, machine learning",machine learning
Machine Learning Engineer,Recro,"Bangalore, Karnataka",python,python
Machine Learning Engineer,Cleantech Industry Resources,"Chennai, Tamil Nadu",,
Machine Learning Engineer,HCLTech,"Chennai, Tamil Nadu","python, sql, machine learning",python
Machine Learning Engineer,HCLTech,"Chennai, Tamil Nadu","python, sql, machine learning",sql
Machine Learning Engineer,HCLTech,"Chennai, Tamil Nadu","python, sql, machine learning",machine learning
Machine Learning Engineer,Infogain,"Pune, Maharashtra","python, sql, excel, aws, machine learning",python
Machine Learning Engineer,Infogain,"Pune, Maharashtra","python, sql, excel, aws, machine learning",sql
Machine Learning Engineer,Infogain,"Pune, Maharashtra","python, sql, excel, aws, machine learning",excel
Machine Learning Engineer,Infogain,"Pune, Maharashtra","python, sql, excel, aws, machine learning",aws
Machine Learning Engineer,Infogain,"Pune, Maharashtra","python, sql, excel, aws, machine learning",machine learning
Machine Learning Engineer,Infogain,"Bangalore, Karnataka","python, sql, excel, aws, machine learning",python
Machine Learning Engineer,Infogain,"Bangalore, Karnataka","python, sql, excel, aws, machine learning",sql
Machine Learning Engineer,Infogain,"Bangalore, Karnataka","python, sql, excel, aws, machine learning",excel
Machine Learning Engineer,Infogain,"Bangalore, Karnataka","python, sql, excel, aws, machine learning",aws
Machine Learning Engineer,Infogain,"Bangalore, Karnataka","python, sql, excel, aws, machine learning",machine learning
Machine Learning Engineer,TESTQ Technologies,India,"python, azure",python
Machine Learning Engineer,TESTQ Technologies,India,"python, azure",azure
Machine Learning Engineer,Egen,"Hyderabad, Telangana",,
Machine Learning Engineer,Recro,"Bangalore, Karnataka",,
Machine Learning Engineer,Huptech HR Solutions,"Ahmedabad, Gujarat",machine learning,machine learning
Machine Learning Engineer,Coffeee.io,India,,
Machine Learning Engineer,The Reliable Jobs,"Bangalore, Karnataka",,
Machine Learning Engineer,Akkodis,"Bangalore, Karnataka","python, sql",python
Machine Learning Engineer,Akkodis,"Bangalore, Karnataka","python, sql",sql
Machine Learning Engineer,Eximietas Design,"Bangalore, Karnataka",,
AI/Machine Learning Engineer,Wissen Infotech,"Bangalore, Karnataka",machine learning,machine learning
Junior Machine Learning Engineer,ClearML,India,machine learning,machine learning
Machine Learning Engineer (Neo4j),Circuitry.ai,"Hyderabad, Telangana",machine learning,machine learning
Senior Machine Learning Engineer,Quantiphi,"Bangalore, Karnataka",machine learning,machine learning
Senior Machine Learning Engineer,AB InBev GCC India,"Bangalore, Karnataka",machine learning,machine learning
Senior Machine Learning Engineer,Phenom,"Hyderabad, Telangana",machine learning,machine learning
Machine Learning Engineer - MLOps,Saarthee,"Bangalore, Karnataka",,
Senior Machine Learning Engineer,ClearTrail Technologies,"Indore, Madhya Pradesh",machine learning,machine learning
Senior Machine Learning Engineer,Turiyam AI,"Bangalore, Karnataka",,
Lead Machine Learning OPS Engineer,BJ's Wholesale Club,"Marlborough, Middlesex County",,
Machine Learning Engineer,Specright Inc.,US,machine learning,machine learning
Machine Learning Engineer,Amiri Recruiting,"Mountain View, Santa Clara County",machine learning,machine learning
Machine Learning Engineer,"Trunk Tools, Inc.","New York City, New York",,
Applied Machine Learning Engineer,PermitFlow,"New York City, New York",,
Machine Learning Engineer - 3D,Zero One Creative LTD ,"San Diego, San Diego County",machine learning,machine learning
Staff Machine Learning Engineer,Abnormal,"San Diego, San Diego County",machine learning,machine learning
Staff Machine Learning Engineer,Abnormal,"Bee Cave, Travis County",machine learning,machine learning
Staff Machine Learning Engineer,Abnormal,"Highland Park, Dallas",machine learning,machine learning
Staff Machine Learning Engineer,Abnormal,"Hayes Valley, San Francisco",machine learning,machine learning
"Machine Learning Engineer, Ad platform",NewsBreak,"Mountain View, Santa Clara County",,
Open-Source Machine Learning Engineer - International Remote,Hugging Face,"New York City, New York",machine learning,machine learning
Machine Learning Engineer,ArcBest,"Fort Smith, Sebastian County",machine learning,machine learning
Machine Learning Engineer,Nelnet,"Castlewood, Centennial",,
Machine Learning Engineer,Nelnet,"Madison, Dane County",,
Machine Learning Engineer,Fiserv,"Alpharetta, Fulton County",,
Machine Learning Engineer,Silvus Technologies,"Pico Heights, Los Angeles County",,
Machine Learning Engineer,CVS Health,"Uptown, Marion County",,
Machine Learning Engineer,CVS Health,"Annapolis, Anne Arundel County",,
Machine Learning Engineer,CVS Health,"Edgewood, Richland County",,
Machine Learning Engineer,CVS Health,"Grandview Heights, Franklin County",,
Machine Learning Engineer,CVS Health,"Augusta, Kennebec County",,
Machine Learning Engineer,CVS Health,"Archer, Laramie County",,
Machine Learning Engineer,CVS Health,"Oklahoma City, Oklahoma County",,
Machine Learning Engineer,CVS Health,"Washington, D.C., US",,
Machine Learning Engineer,CVS Health,"Atlanta, Fulton County",,
Machine Learning Engineer,CVS Health,"Wyoming, Kent County",,
Machine Learning Engineer,CVS Health,"Bismarck, Burleigh County",,
Machine Learning Engineer,CVS Health,"Jackson, Hinds County",,
Machine Learning Engineer,CVS Health,"Baton Rouge, East Baton Rouge Parish",,
Machine Learning Engineer,CVS Health,"Nashville, Davidson County",,
Machine Learning Engineer,CVS Health,"Boise, Ada County",,
Machine Learning Engineer,CVS Health,"Glendale, Denver",,
Machine Learning Engineer,CVS Health,"Providence, Providence County",,
Machine Learning Engineer,CVS Health,"Tumwater, Thurston County",,
Machine Learning Engineer,CVS Health,"Five Points, Wake County",,
Machine Learning Engineer,CVS Health,"Carson Mall, Carson City",,
Machine Learning Engineer,CVS Health,"Des Moines, Polk County",,
Machine Learning Engineer,Qualtrics,"International, King County",,
Machine Learning Engineer,CVS Health,"Salem, Marion County",,
Machine Learning Engineer,CVS Health,"Ny State Campus, Albany County",,
Machine Learning Engineer,CVS Health,"Frankfort, Franklin County",,
Machine Learning Engineer,CVS Health,"Phoenix, Maricopa County",,
Machine Learning Engineer,CVS Health,"Talcott Village, Hartford County",,
Machine Learning Engineer,CVS Health,"Saint Paul, Ramsey County",,
Machine Learning Engineer,CVS Health,"Madison, Dane County",,
Machine Learning Engineer,CVS Health,"Trenton, Mercer County",,
Machine Learning Engineer,CVS Health,"La Cienga, Santa Fe County",,
Machine Learning Engineer,CVS Health,"Chisolm, Montgomery County",,
Machine Learning Engineer,CVS Health,"Montpelier, Washington County",,
Machine Learning Engineer,Lorien,"London, UK","python, machine learning",python
Machine Learning Engineer,Lorien,"London, UK","python, machine learning",machine learning
Machine Learning Engineer,Cobalt Recruitment.,"South East London, London",machine learning,machine learning
Senior Machine Learning Engineer,Barclays UK,"Glasgow, Scotland",machine learning,machine learning
Junior Machine Learning Engineer,Nxsteprecuitment,UK,machine learning,machine learning
AI / Machine Learning Engineer with C++ coding,Hays Specialist Recruitment Limited,"Guildford, Surrey",machine learning,machine learning
Machine Learning Engineer,Vallum Associates,"London, UK",machine learning,machine learning
Machine Learning Engineer,Vallum Associates,"The City, Central London",machine learning,machine learning
Machine Learning Engineer,Ultralytics,"London, UK","excel, machine learning",excel
Machine Learning Engineer,Ultralytics,"London, UK","excel, machine learning",machine learning
Machine Learning Engineer,Ultralytics,"The City, Central London","excel, machine learning",excel
Machine Learning Engineer,Ultralytics,"The City, Central London","excel, machine learning",machine learning
Machine Learning Engineer,Intellect Group,"London, UK",machine learning,machine learning
Machine Learning Engineer,Intellect Group,"The City, Central London",machine learning,machine learning
Machine Learning Engineer,Harnham - Data & Analytics Recruitment,"Edinburgh Technopole, Milton Bridge",machine learning,machine learning
Senior Machine Learning Engineer,Harnham,UK,machine learning,machine learning
Senior Machine Learning Engineer,Cubiq Recruitment,"London, UK","excel, machine learning",excel
Senior Machine Learning Engineer,Cubiq Recruitment,"London, UK","excel, machine learning",machine learning
Senior Machine Learning Engineer,Cubiq Recruitment,"The City, Central London","excel, machine learning",excel
Senior Machine Learning Engineer,Cubiq Recruitment,"The City, Central London","excel, machine learning",machine learning
Senior Machine Learning Engineer,Harnham,"London, UK",machine learning,machine learning
Senior Machine Learning Engineer,Harnham,"The City, Central London",machine learning,machine learning
Senior Machine Learning Engineer,Harnham,UK,machine learning,machine learning
Senior Machine Learning Engineer,Harnham,"London, UK",machine learning,machine learning
Senior Machine Learning Engineer,Harnham,"The City, Central London",machine learning,machine learning
Senior Machine Learning Engineer,Omnis Partners,"London, UK",,
Senior Machine Learning Engineer,Omnis Partners,"The City, Central London",,
Machine Learning Engineer,Fortice Ltd,"Manchester, Greater Manchester","python, aws, machine learning",python
Machine Learning Engineer,Fortice Ltd,"Manchester, Greater Manchester","python, aws, machine learning",aws
Machine Learning Engineer,Fortice Ltd,"Manchester, Greater Manchester","python, aws, machine learning",machine learning
Machine Learning Engineer,Stepstone UK,"South Bank, South East London",,
Machine Learning Engineer - Computer Vision,Explore Group,"London, UK",machine learning,machine learning
Machine Learning Engineer - Computer Vision,Explore Group,"The City, Central London",machine learning,machine learning
Graduate AI & Machine Learning Engineer - Reply,Reply,"London, UK","aws, machine learning",aws
Graduate AI & Machine Learning Engineer - Reply,Reply,"London, UK","aws, machine learning",machine learning
Lead Machine Learning Engineer - Databricks experience,ON Data Staffing,UK,machine learning,machine learning
Machine Learning Engineer,Talent Hero,"Birmingham, West Midlands",machine learning,machine learning
Machine Learning Engineer,Talent Hero,"Hulme, Manchester",machine learning,machine learning
Machine Learning Engineer,Ravelin,"London, UK",machine learning,machine learning
Machine Learning Engineer,Rebellion,"Oxford, Oxfordshire",machine learning,machine learning
Machine Learning Engineer,Sanderson Recruitment,"London, UK","python, sql, machine learning",python
Machine Learning Engineer,Sanderson Recruitment,"London, UK","python, sql, machine learning",sql
Machine Learning Engineer,Sanderson Recruitment,"London, UK","python, sql, machine learning",machine learning
Machine Learning Engineer,Networker Global Limited,UK,machine learning,machine learning
Machine Learning Engineer,Argo Recruitment Services,"Bristol, South West England",machine learning,machine learning
Machine Learning Engineer,Argo Recruitment Services,"Cambridge, Cambridgeshire",machine learning,machine learning
Machine Learning Engineer,Fathom,"Tyndalls Park, Bristol","excel, machine learning",excel
Machine Learning Engineer,Fathom,"Tyndalls Park, Bristol","excel, machine learning",machine learning
Machine Learning Engineer,Cobalt Recruitment.,"London, UK",machine learning,machine learning
Machine Learning Engineer,Optimove,"London, UK",,
Machine Learning Engineer,Faculty AI,"London, UK",,
Machine Learning Engineer,CoVar,UK,machine learning,machine learning
Machine Learning Engineer,hackajob,"Welwyn Garden City, Hertfordshire",,
Machine Learning Engineer,G-Research,"London, UK",,
Machine Learning Engineer,Barlowe LLP,"London, UK",,
Machine Learning Engineer,Corsearch,"St Paul's, Central London",,
Machine Learning Engineer,Snap Group Limited,"London, UK",,
Machine Learning Engineer,Graphcore,"London, UK",machine learning,machine learning
Machine Learning Engineer,Graphcore,"London, UK",machine learning,machine learning
Machine Learning Engineer,Graphcore,"Bristol, South West England",machine learning,machine learning
Machine Learning Engineer,Graphcore,"Cambridge, Cambridgeshire",machine learning,machine learning
Machine Learning Engineer,TD Bank,"Toronto, Ontario",,
Machine Learning Engineer,Your Personal AI,Canada,machine learning,machine learning
Machine Learning Engineer,Quincus,"Toronto, Ontario",machine learning,machine learning
Machine Learning Engineer,Demand For HR,"Toronto, Ontario",machine learning,machine learning
Machine Learning Engineer,Demand For HR,"Toronto, Ontario",machine learning,machine learning
Machine Learning Engineer,Themis Solutions,Canada,machine learning,machine learning
Machine Learning Engineer,Viridien,"Calgary, Calgary region",machine learning,machine learning
Machine Learning Engineer,Ntent,"Toronto, Ontario",machine learning,machine learning
Machine Learning Engineer,Toparo,"Toronto, Ontario",machine learning,machine learning
Machine Learning Engineer,StackAdapt,Canada,,
Machine Learning Engineer,Penn Interactive,"Toronto, Ontario",,
Machine Learning Engineer,Waterworth,"Victoria, Capital",machine learning,machine learning
Machine Learning Engineer,Kogniz,"Montréal, Québec",machine learning,machine learning
Machine Learning Engineer,Qorsa,"Waterloo, Waterloo region",machine learning,machine learning
Machine Learning Engineer,Xideral,"Westmount, Montréal","excel, machine learning",excel
Machine Learning Engineer,Xideral,"Westmount, Montréal","excel, machine learning",machine learning
Machine Learning Engineer,EvenUp,"Toronto, Ontario",,
Machine Learning Engineer,Ideogram,"Toronto, Ontario",,
Machine Learning Engineer,Soma Energy,"Greater Vancouver, British Columbia",,
Machine Learning Engineer,The Toronto-Dominion Bank,Canada,,
Machine Learning Engineer,loblaw,"Toronto, Ontario",,
Machine Learning Engineer,Loblaw Companies Limited,"Toronto, Ontario",,
Machine Learning Engineer,Spring Financial Inc.,"Bentall Centre, Vancouver",,
Machine Learning Engineer,Spring Financial Inc.,"Vancouver, Greater Vancouver",,
Machine Learning Engineer,Valence,"Toronto, Ontario",,
Machine Learning Engineer,Sanofi,"Toronto, Ontario",machine learning,machine learning
Machine Learning Engineer,loblaw,"Brampton, Peel region",,
Machine Learning Engineer,hireVouch,Canada,,
Machine Learning Engineer,Loblaw Companies Limited,"Brampton, Peel region",,
Staff Machine Learning Engineer,Lyft,"Toronto, Ontario",,
Lead Machine Learning Engineer,GE Vernova,"Markham, York region",machine learning,machine learning
Machine Learning Engineer I,TD Bank,"Toronto, Ontario",,
Machine Learning Engineer (Canada),Two95 International Inc.,"Montréal, Québec","python, machine learning",python
Machine Learning Engineer (Canada),Two95 International Inc.,"Montréal, Québec","python, machine learning",machine learning
Machine Learning Engineer (Canada),Tiger Analytics,"Toronto, Ontario",machine learning,machine learning
"Machine Learning Engineer, Specialist",The Vanguard Group,"Toronto, Ontario",machine learning,machine learning
Senior Machine Learning Engineer,Datatonic,"Montréal, Québec",machine learning,machine learning
Senior Machine Learning Engineer,Starboard Recruitment,"Vancouver, Greater Vancouver",machine learning,machine learning
Senior Machine Learning Engineer,Starboard Recruitment,"Vancouver, Greater Vancouver",machine learning,machine learning
Senior Machine Learning Engineer,VRIFY,"Greater Vancouver, British Columbia",,
Lead Machine Learning Engineer,Datatonic,"Montréal, Québec",machine learning,machine learning
Principal Machine Learning Engineer,Zynga,Canada,,
Senior Machine Learning Engineer,Themis Solutions,Canada,machine learning,machine learning
Sr. Machine Learning Engineer,TheAppLabb,"Toronto, Ontario",machine learning,machine learning
Senior Machine Learning Engineer,ShyftLabs,"Toronto, Ontario",machine learning,machine learning
Sr. Machine Learning Engineer,TheAppLabb,"Central Bay Street, City of Toronto",machine learning,machine learning
Sr. Machine Learning Engineer,TheAppLabb,"Toronto, Ontario",machine learning,machine learning
Sr. Machine Learning Engineer,TheAppLabb,"Toronto, Ontario",machine learning,machine learning
Senior Machine Learning Engineer,SkipTheDishes Restaurant Services,Canada,,
Senior Machine Learning Engineer,Kraft Heinz,Canada,,
Senior Machine Learning Engineer,Match Group,"Greater Vancouver, British Columbia",machine learning,machine learning
Sr. Machine Learning Engineer,Canada Workday ULC,"Calgary, Calgary region",,
Machine Learning Engineer,Mantel Group Pty Ltd,Australia,,
Machine Learning Engineer,MA Financial Group,"The Rocks, Sydney",machine learning,machine learning
Machine Learning Engineer,Ambition Group,"The Rocks, Sydney","excel, machine learning",excel
Machine Learning Engineer,Ambition Group,"The Rocks, Sydney","excel, machine learning",machine learning
Machine Learning Engineer,Gumtree Group,"The Rocks, Sydney",machine learning,machine learning
Machine Learning Engineer,IAG,"The Rocks, Sydney",machine learning,machine learning
Machine Learning Engineer,Finsure,"The Rocks, Sydney","aws, machine learning",aws
Machine Learning Engineer,Finsure,"The Rocks, Sydney","aws, machine learning",machine learning
Machine Learning Engineer,Employees Mutuals Limited,"The Rocks, Sydney",machine learning,machine learning
Machine Learning Engineer,TheDriveGroup,"The Rocks, Sydney",machine learning,machine learning
Machine Learning Engineer,ALDI Stores Australia,"The Rocks, Sydney",machine learning,machine learning
Machine Learning Engineer,Waterworth,"Victoria, Australia",machine learning,machine learning
Machine Learning Engineer,Woolworths Group,"The Rocks, Sydney",machine learning,machine learning
Machine Learning Engineer,Change Recruitment,"The Rocks, Sydney","aws, machine learning",aws
Machine Learning Engineer,Change Recruitment,"The Rocks, Sydney","aws, machine learning",machine learning
Machine Learning Engineer,Rokt,"The Rocks, Sydney",,
Machine Learning Engineer,NineTech,"The Rocks, Sydney",machine learning,machine learning
Machine Learning Engineer,NES Fircroft,"Western Australia, Australia",machine learning,machine learning
Machine Learning Engineer,Mantel Group Pty Ltd,"The Rocks, Sydney",,
Machine Learning Engineer,Rokt group,"The Rocks, Sydney",,
Timothy  Machine Learning Engineer,AI Talent pty,"Leigh Creek, Moorabool Area","excel, machine learning",excel
Timothy  Machine Learning Engineer,AI Talent pty,"Leigh Creek, Moorabool Area","excel, machine learning",machine learning
Principal Machine Learning Engineer,Mantech Recruitment,"The Rocks, Sydney",machine learning,machine learning
Staff Machine Learning Engineer,REA Group Ltd.,"Leigh Creek, Moorabool Area",,
Staff Machine Learning Engineer | AU,Harrison,"The Rocks, Sydney",,
Staff Machine Learning Engineer - Dataset & Training Platform,black.ai,"The Rocks, Sydney",,
Staff Machine Learning Engineer - Dataset & Training Platform,black.ai,"Leigh Creek, Moorabool Area",,
Staff Machine Learning Engineer - Dataset & Training Platform,black.ai,Australia,,
"Machine Learning Engineer Graduate, Trust and Safety Engineering - 2026 Start",TikTok,"The Rocks, Sydney",machine learning,machine learning
"Machine Learning Engineer Graduate, Trust and Safety Engineering (Rolling Intake)",QTAC Guidance Officer Advisory Group,"The Rocks, Sydney",machine learning,machine learning
"Machine Learning Engineer Graduate, Trust and Safety Engineering (Rolling Intake)",University Engineers' Club,"The Rocks, Sydney",machine learning,machine learning
"Machine Learning Engineer Graduate, Trust and Safety Engineering (Rolling Intake)",Stmarkscollege,"The Rocks, Sydney",machine learning,machine learning
"Machine Learning Engineer Graduate, Trust and Safety Engineering (Rolling Intake)",Robogals,"The Rocks, Sydney",,
"Lead Machine Learning Engineer Sydney, New South Wales, Australia",hipages Group,"The Rocks, Sydney",,
Machine Learning Ops Engineer,Slater and Gordon Lawyers,"Leigh Creek, Moorabool Area",,
Machine Learning Systems Engineer: Data,SIG Susquehanna,"The Rocks, Sydney",machine learning,machine learning
Machine Learning Engineer,Ambition Australia,"Sydney, Sydney Region","excel, machine learning",excel
Machine Learning Engineer,Ambition Australia,"Sydney, Sydney Region","excel, machine learning",machine learning
Machine Learning Engineer,GRIT Talent Consulting,Australia,"python, azure, machine learning",python
Machine Learning Engineer,GRIT Talent Consulting,Australia,"python, azure, machine learning",azure
Machine Learning Engineer,GRIT Talent Consulting,Australia,"python, azure, machine learning",machine learning
Machine Learning Engineer,TheDriveGroup,"Sydney, Sydney Region","aws, machine learning",aws
Machine Learning Engineer,TheDriveGroup,"Sydney, Sydney Region","aws, machine learning",machine learning
Machine Learning Engineer,Rokt,"Sydney, Sydney Region",,
Machine Learning Engineer,Luxury Escapes,"The Rocks, Sydney",machine learning,machine learning
Machine Learning Engineer,IMC,"Sydney, Sydney Region",machine learning,machine learning
Machine Learning Engineer,Pluralis Research,Australia,machine learning,machine learning
Senior Machine Learning Engineer,carsales,"Melbourne, Melbourne Region","aws, machine learning",aws
Senior Machine Learning Engineer,carsales,"Melbourne, Melbourne Region","aws, machine learning",machine learning
Senior Machine Learning Engineer,Rokt,"The Rocks, Sydney",,
Senior Machine Learning Engineer,Neara,"Sydney, Sydney Region",,
Lead Machine Learning Engineer,hipages Group,"Sydney, Sydney Region",,
Senior Machine Learning Engineer,hipages Group,"Sydney, Sydney Region",,
Senior Machine Learning Engineer,Leonardo.Ai,"Sydney, Sydney Region",machine learning,machine learning
Senior Machine Learning Engineer,Marlee,"Sydney, Sydney Region",,
Staff Machine Learning Engineer,realestate.com.au Pty,"Richmond, Yarra Area",,
Senior Machine Learning Engineer,Zendesk Pty,"Melbourne, Melbourne Region",,
Senior Machine Learning Engineer - Growth,Canva,"Brisbane CBD, Brisbane",machine learning,machine learning
Senior Machine Learning Engineer - Growth,Canva,"The Rocks, Sydney",machine learning,machine learning
Business Analyst,Ascendion,"Bangalore, Karnataka",,
Business Analyst,Ascendion,"Bangalore, Karnataka",sql,sql
Business Analyst,People Prime Worldwide,"Pune, Maharashtra",,
Business Analyst,Aeroprime Group,"New Delhi, Delhi",,
Business Analyst,ValueMomentum,"Hyderabad, Telangana",excel,excel
Business Analyst,Technoloader Pvt Ltd,"Jaipur, Rajasthan",,
Business Analyst,TIGI HR,"Udaipur, Rajasthan",,
Business Analyst,Infosys,"Bangalore, Karnataka",,
Business Analyst,FinTech AI Innovations,"Bangalore, Karnataka",,
Business Analyst,Xemplar Insights,"Hyderabad, Telangana",,
Business Analyst,ValueLabs,"Hyderabad, Telangana",excel,excel
Business Analyst,Eternal Robotics,"Hyderabad, Telangana",,
Business Analyst,BNP Paribas,"Bangalore, Karnataka",sql,sql
Business Analyst,Capgemini,"Bangalore, Karnataka",,
Business Analyst,Lorhan IT,"Hyderabad, Telangana",,
Business Analyst,HCLTech,"Bangalore, Karnataka",,
Business Analyst,Adfactors PR,"Mumbai, Maharashtra",,
Business Analyst,Techfastic,"Indore, Madhya Pradesh",excel,excel
Business Analyst,Denave,"Noida, Ghaziabad",,
Business Analyst,ITES Company,"Hyderabad, Telangana","sql, excel",sql
Business Analyst,ITES Company,"Hyderabad, Telangana","sql, excel",excel
Business Analyst,HCLTech,"Noida, Ghaziabad",,
Business Analyst,DRC Systems,"Gandhinagar, Gujarat",,
Business Analyst,DigiPay.Guru,"Ahmedabad, Gujarat",,
Business Analyst,New Trends Commerce Private Limited,"Bangalore, Karnataka",,
Business Analyst,Gera Developments,"Pune, Maharashtra",,
Business Analyst,NexionPro Services,"Bangalore, Karnataka",,
Business Analyst,XEBO.ai,"Noida, Ghaziabad",,
Business Analyst,Capco,"Mumbai, Maharashtra",,
Business Analyst,Bureau Veritas Group,"Mumbai, Maharashtra",,
Business Analyst,Ascendion,"Bangalore, Karnataka",sql,sql
Business Analyst,Schbang,"Mumbai, Maharashtra",,
Business Analyst,HDFC securities,"Mumbai, Maharashtra",,
Business Analyst,FirstClub,"Bangalore, Karnataka","sql, excel",sql
Business Analyst,FirstClub,"Bangalore, Karnataka","sql, excel",excel
Business Analyst,SmartStream Technologies,India,,
Business Analyst,Kajaria Ceramics Limited,"Delhi, India",,
Business Analyst,BDO,"Mumbai, Maharashtra",,
Business Analyst,Coforge,"Pune, Maharashtra",,
Business Analyst,slice,"Bangalore, Karnataka",,
Business Analyst,"Acumen, Part of Sannam S4 Group","Mumbai, Maharashtra",,
Business Analyst,Kissht,"Mumbai, Maharashtra",,
Business Analyst,TELUS Digital,"Noida, Ghaziabad",,
Business Analyst,Career Guideline,"Bangalore, Karnataka",,
Business Analyst,Eloelo,"Bangalore, Karnataka",,
Business Analyst,Total Environment Building Systems Pvt Ltd,"Bangalore, Karnataka",,
Business Analyst,"Pinnacle Group, Inc.","Chennai, Tamil Nadu",excel,excel
Business Analyst,MSI Services Pvt Ltd,"Bangalore, Karnataka",,
Business Analyst,INFOCRATS,"Indore, Madhya Pradesh",,
Business Analyst,Careerfit.ai,"Mumbai, Maharashtra",,
Business Analyst,ACG World,"Pune, Maharashtra",,
Business Analyst,Star Union Dai-ichi Life Insurance Company Limited,"Navi Mumbai, Maharashtra",,
"Lead Business Analyst, EFS",The Friedkin Group,"Usps Official, Harris County",excel,excel
"Lead Business Analyst, EFS",The Friedkin Group,"Hillwood, Houston",excel,excel
"Lead Business Analyst, EFS",The Friedkin Group,"Pleasantville, Houston",excel,excel
"Lead Business Analyst, EFS",The Friedkin Group,"Northcliffe, Houston",excel,excel
"Lead Business Analyst, EFS",The Friedkin Group,"Satsuma, Harris County",excel,excel
"Lead Business Analyst, EFS",The Friedkin Group,"Briargrove, Houston",excel,excel
"Lead Business Analyst, EFS",The Friedkin Group,"Sunnyside, Houston",excel,excel
"Lead Business Analyst, EFS",The Friedkin Group,"Addicks, Houston",excel,excel
"Lead Business Analyst, EFS",The Friedkin Group,"Barker, Harris County",excel,excel
"Lead Business Analyst, EFS",The Friedkin Group,"Eastex/Jensen, Houston",excel,excel
"Lead Business Analyst, EFS",The Friedkin Group,"Westbury, Houston",excel,excel
"Lead Business Analyst, EFS",The Friedkin Group,"Bammel, Harris County",excel,excel
"Lead Business Analyst, EFS",The Friedkin Group,"Kashmere Gardens, Houston",excel,excel
"Lead Business Analyst, EFS",The Friedkin Group,"Fifth Ward/Frenchtown, Houston",excel,excel
"Lead Business Analyst, EFS",The Friedkin Group,"Glenbrook Valley, Houston",excel,excel
"Lead Business Analyst, EFS",The Friedkin Group,"Southgate, Houston",excel,excel
"Lead Business Analyst, EFS",The Friedkin Group,"Tomball, Harris County",excel,excel
"Lead Business Analyst, EFS",The Friedkin Group,"Carverdale, Houston",excel,excel
"Lead Business Analyst, EFS",The Friedkin Group,"Linkwood, Houston",excel,excel
"Lead Business Analyst, EFS",The Friedkin Group,"Glenshire, Houston",excel,excel
"Lead Business Analyst, EFS",The Friedkin Group,"Yellowstone, Houston",excel,excel
"Lead Business Analyst, EFS",The Friedkin Group,"Lindale Park, Houston",excel,excel
"Lead Business Analyst, EFS",The Friedkin Group,"Cypress, Harris County",excel,excel
"Lead Business Analyst, EFS",The Friedkin Group,"Magnolia Park, Houston",excel,excel
"Lead Business Analyst, EFS",The Friedkin Group,"Champion Forest, Houston",excel,excel
"Lead Business Analyst, EFS",The Friedkin Group,"Pecan Park, Houston",excel,excel
"Lead Business Analyst, EFS",The Friedkin Group,"Richmond, Fort Bend County",excel,excel
"Lead Business Analyst, EFS",The Friedkin Group,"Lincoln Greens, Houston",excel,excel
"Lead Business Analyst, EFS",The Friedkin Group,"Shepard Park Plaza, Houston",excel,excel
"Lead Business Analyst, EFS",The Friedkin Group,"Crestwood, Houston",excel,excel
"Lead Business Analyst, EFS",The Friedkin Group,"Trammells, Harris County",excel,excel
"Lead Business Analyst, EFS",The Friedkin Group,"Bellaire, Harris County",excel,excel
"Lead Business Analyst, EFS",The Friedkin Group,"Hilshire Village, Harris County",excel,excel
"Lead Business Analyst, EFS",The Friedkin Group,"West University Place, Harris County",excel,excel
"Lead Business Analyst, EFS",The Friedkin Group,"Tanglewood, Houston",excel,excel
"Lead Business Analyst, EFS",The Friedkin Group,"Timbergrove Manor, Houston",excel,excel
"Lead Business Analyst, EFS",The Friedkin Group,"South Acres, Houston",excel,excel
"Lead Business Analyst, EFS",The Friedkin Group,"Glen Cove, Houston",excel,excel
"Lead Business Analyst, EFS",The Friedkin Group,"Garden Oaks, Houston",excel,excel
"Lead Business Analyst, EFS",The Friedkin Group,"Old Sixth Ward, Houston",excel,excel
"Lead Business Analyst, EFS",The Friedkin Group,"Fresno, Fort Bend County",excel,excel
"Lead Business Analyst, EFS",The Friedkin Group,"Greater Third Ward, Houston",excel,excel
"Lead Business Analyst, EFS",The Friedkin Group,"Jeanetta, Houston",excel,excel
"Lead Business Analyst, EFS",The Friedkin Group,"Fulshear, Fort Bend County",excel,excel
"Lead Business Analyst, EFS",The Friedkin Group,"Corinthian Pointe, Houston",excel,excel
"Lead Business Analyst, EFS",The Friedkin Group,"North Central, Houston",excel,excel
"Lead Business Analyst, EFS",The Friedkin Group,"Stafford, Fort Bend County",excel,excel
"Lead Business Analyst, EFS",The Friedkin Group,"Hunters Glen, Houston",excel,excel
"Lead Business Analyst, EFS",The Friedkin Group,"Cloverland, Houston",excel,excel
"Lead Business Analyst, EFS",The Friedkin Group,"Crabb, Fort Bend County",excel,excel
Business Analyst,Peregrine,"Walton-Le-Dale, Preston",,
Business Analyst,DFS Furniture Ltd,"Woodlands, Doncaster",,
Business Analyst,Teksystems,"North Berwick, East Lothian",power bi,power bi
Business Analyst,VIQU IT Recruitment,"Leeds, West Yorkshire",,
Business Analyst,VIQU IT Recruitment,"Leeds, West Yorkshire",excel,excel
Business Analyst,Searchability,"Chester, Cheshire",excel,excel
Business Analyst,Chapman Tate Associates,"Birmingham, West Midlands",,
Business Analyst,Randstad Technologies,UK,excel,excel
Business Analyst,Devonshire Hayes Recruitment Specialists Limited,"London, UK",,
Business Analyst,Searchability,"Bromsgrove, Worcestershire",,
Business Analyst,Hays Specialist Recruitment Limited,"Liverpool, Merseyside",,
Business Analyst,Searchability,"Manchester, Greater Manchester",,
Business analyst,Opus Recruitment Solutions Ltd,"Exeter, Devon",,
Business Analyst,Gi Group Ireland,"Edinburgh Technopole, Milton Bridge",excel,excel
Business Analyst,Broster Buchanan Ltd,"Buckingham, Buckinghamshire",,
Business Analyst,Thames Water,"Reading, Berkshire",,
IT Business Analyst,Hays,"Craigavon, Northern Ireland",,
Business Analyst,TPP,"Leeds, West Yorkshire",,
Technical Business Analyst,Ocho,"Belfast, Northern Ireland",,
Business Analyst - Underwriting,Oliver James,"London, UK",,
T24 Business Analyst,2MRW GROUP LIMITED,"London, UK",,
Data Business Analyst,Method Resourcing,"London, UK",,
Business Analyst – London,Atrium Workforce Solutions Ltd,"London, UK",,
Digital Business Analyst,Bristow Holland,"Ipswich, Suffolk",,
Technical Business Analyst,Proactive Appointments,"London, UK",,
Senior Business Analyst,James Frank Associates,"West Malling, Kent",,
Senior Business Analyst,Tenth Revolution Group,"Brighton, East Sussex",,
Senior Business Analyst,Quickline Communications,"Hull, East Riding Of Yorkshire",,
IT Business Analyst,Proactive Appointments,"London, UK",excel,excel
Senior Business Analyst,Tenth Revolution Group,"Brighton, East Sussex",,
Senior Business Analyst,FDM Group,"Edinburgh Technopole, Milton Bridge",,
Technical Business Analyst,Harnham - Data & Analytics Recruitment,"London, UK",,
Business Analyst- Digital,Picture More,"Ipswich, Suffolk",,
Senior Business Analyst,Adecco,"London, UK",,
IT Business Analyst,Robert Half,"London, UK",,
Finance Business Analyst,Sanderson,"London, UK",excel,excel
Business Analyst - Enterprise,Atom Bank,"Newcastle Upon Tyne, Tyne & Wear",,
ALM Business Analyst,Randstad Technologies,"London, UK",,
ALM Business Analyst,Randstad Technologies,"London, UK",,
Business Analyst IT,Signet Resources,"Bracknell, Berkshire",,
Business Analyst - Liverpool - Legal,Circle Group,"Liverpool, Merseyside",,
VP Regulatory Reporting Business Analyst,Robert Walters,"Selhurst, South East London",excel,excel
Business Analyst Practice Lead,VANRATH,"Belfast, Northern Ireland",,
Business Analyst (IT),VIQU IT,"Morley, Leeds",,
Business Analyst (IT),BAE Systems,UK,,
Senior Business Analyst,Aviva,"Norwich, Norfolk",excel,excel
ServiceNow Business Analyst,Aviva,"Norwich, Norfolk",,
IT Business Analyst (On-Site),Avondale Foods Ltd,"Craigavon, Northern Ireland",,
Technical Business Analyst - Weybridge,Noir,"Weybridge, Surrey",,
Business Analyst - Acturis Implementation,Bristow Holland,"London, UK",,
IT Business Analyst,BRP,Canada,,
Cybersecurity Business Analyst,BRP,"Foster, Brome-Missisquoi",,
Cybersecurity Business Analyst,BRP,Canada,,
ServiceNow Business Analyst,BRP,Canada,,
Chief Business Analyst,National Bank,Canada,,
Chief Business Analyst,National Bank,Canada,,
IT Business Analyst,Fed IT,"Anjou, Montréal",,
IT Business Analyst – Digital Transformation,Blitz TI,"Québec City, Québec",,
SAP Integrated Process Business Analyst,BRP,Canada,,
Business System Analyst,Telescope Recruitment,"Kleinburg, York region",,
Business Analyst,US Tech Solutions,"Ottawa, Ottawa region",,
Business Analyst,Insight Global,"Toronto, Ontario",,
Business Analyst,Parrish and Heimbecker,"Cambridge, Waterloo region",,
"Business Analyst,",vTech Solution,Canada,,
"Business Analyst,",vTech Solution,"Ontario, Canada",,
"Business Analyst,",vTech Solution,"Ontario, Canada",,
Business Analyst,CYNET SYSTEMS,"Toronto, Ontario",,
"Specialist, Application Development & Maintenance – Corporate Services (Business Analyst) - Temporary",Air Canada,"Dorval, Montréal",,
Business Analyst,Sopra Steria I2S,"Montréal, Québec",,
Business Analyst,Yorkville University,"Church and Wellesley, City of Toronto",,
"Business Analyst,",vTech Solution,Canada,,
Business Analyst,Insight Global,"North Vancouver, Greater Vancouver",,
Business Analyst,Insight Global,"Toronto, Ontario",,
Business Analyst,Insight Global,"Toronto, Ontario",,
Business Analyst,NTT DATA North America,"Ottawa, Ottawa region",,
Business Analyst,Procom,"Greater Vancouver, British Columbia",,
Business Analyst,Procom,"Calgary, Calgary region",,
Business Analyst,Virtusa,"Toronto, Ontario",,
Business Analyst,Workhoppers,"Hamilton region, Ontario",,
Business Analyst,Parrish and Heimbecker,"Cambridge, Waterloo region",,
Business Analyst,Aquent,Canada,,
Business Analyst,Innovation Federal Credit Union Careers,Canada,,
Business Analyst,EFM Element Fleet Management,"Mississauga, Peel region",,
Business Analyst,Annexit Solutions,"Toronto, Ontario",,
Business Analyst,Worldhire,"Toronto, Ontario",,
Business Analyst,GFL Environmental Services,Canada,excel,excel
Business Analyst,Swim Recruiting,"Greater Vancouver, British Columbia",,
Business Analyst,Affinity,"Calgary, Calgary region",,
Business Analyst,Momentum Financial Services Group,"Toronto, Ontario",,
Business Analyst,Octasic,"Montréal, Québec",,
Business Analyst,Vivan Ltd,"Uxbridge, Durham region",,
Business Analyst,Visionpool Business Services,Canada,,
Business Analyst,Hire DigITalent,"King and Spadina, City of Toronto",,
Business Analyst,Hire DigITalent,"Toronto, Ontario",,
Business Analyst,InnoTech Alberta,"Edmonton, Edmonton region",,
Business Analyst,Orion Health,"Toronto, Ontario",,
Business Analyst,2iSolutions Inc.,"Regina region, Saskatchewan",,
Business Analyst,The Siroky Group Inc.,"Thornhill, York region",,
Business Analyst,Ideal,Canada,,
Business Analyst,Velixo,"Montréal, Québec",excel,excel
ICT BUSINESS ANALYSTS,Royal International Commerce Pty Ltd,"Matraville, Eastern Suburbs",,
Business Analyst Consultant (Energy Sector),Energy focus sem,"Stirling, Adelaide Hills",,
Senior Business Analyst,Talenza,"The Rocks, Sydney",,
Senior Business Analyst,Public Sector People,"The Rocks, Sydney",,
Senior Business Analyst,Clicks IT Recruitment,"The Rocks, Sydney",,
Senior Business Analyst,NSW Department of Communities and Justice,"The Rocks, Sydney",,
Senior Business Analyst,EML Group,"The Rocks, Sydney",,
Senior Business Analyst,FinXL,"The Rocks, Sydney",,
Senior Business Analyst,Australian Payments Plus,"The Rocks, Sydney",,
Senior Business Analyst,Talenza,"The Rocks, Sydney",,
Senior Business Analyst,GBST,"The Rocks, Sydney",excel,excel
Senior Business Analyst,The Star Entertainment Group,"The Rocks, Sydney",,
Senior Business Analyst,NSW Department of Customer Service,"The Rocks, Sydney",,
Senior Business Analyst,SGCH Group,"Mount Lewis, Bankstown Area",,
Senior Business Analyst,SGCH Group,"The Rocks, Sydney",,
Senior Business Analyst,Rest,"The Rocks, Sydney",,
Senior Business Analyst,Nexl,"The Rocks, Sydney",,
Senior Business Analyst,Intrinzic,"The Rocks, Sydney",,
Senior Business Analyst,Rest,"The Rocks, Sydney",,
Senior Business Analyst,Infomedia,"The Rocks, Sydney",,
Senior Business Analyst,Steadfast Group Ltd.,"The Rocks, Sydney",,
Senior Business Analyst,The Star Ent Group,"The Rocks, Sydney",,
Senior Business Analyst,NSW Government,"The Rocks, Sydney",,
Senior Business Analyst,Monks,"The Rocks, Sydney",,
Senior Business Analyst,Aristocrat,"The Rocks, Sydney",,
Senior Business Analyst - Sydney,GrainCorp,"The Rocks, Sydney",,
Senior Business Analyst - Payments,ING Australia,"The Rocks, Sydney",,
Senior Business Analyst - Payroll Transformation,Qantas,"The Rocks, Sydney",,
Senior Business Analyst - Commercial Insurance,Suncorp Group Limited,Australia,excel,excel
Senior Business Analyst - Commercial Insurance,Suncorp Group Limited,"The Rocks, Sydney",excel,excel
Senior Business Analyst - Azure AI Transformation & Implementation,Excolo.,"The Rocks, Sydney",azure,azure
Senior Business Analyst - Clearing Risk (18-month max term),ASX,"The Rocks, Sydney",,
Business Analyst,Eden Ritchie Recruitment,"Brisbane, Brisbane Region",,
Business Analyst,Cloudstreet Consulting,"Larrakeyah, Darwin",,
Business Analyst,Clicks IT Recruitment,"Melbourne CBD, Melbourne",excel,excel
Business Analyst,Talent Web,"Sydney, Sydney Region",,
Business Analyst,FourQuarters,"Melbourne, Melbourne Region",,
Business Analyst,Zone IT Solutions,"East Brisbane, Brisbane",excel,excel
Business Analyst,Precision Sourcing,"Melbourne, Melbourne Region",,
Business Analyst,Launch Recruitment,"Melbourne, Melbourne Region",,
Business Analyst,29Metals,"Perth, Perth Region",,
Business Analyst,NCS Australia,"Sydney, Sydney Region",,
Business Analyst,Robert Half,"Melbourne CBD, Melbourne",,
Business Analyst,Betfair,"Middle Park, Port Phillip",,
Business Analyst,Perigon Group,"Sydney, Sydney Region",,
Business Analyst,AWX Executive,"Brisbane, Brisbane Region",,
Business Analyst,Australian Payments Plus,"Sydney, Sydney Region",,
Business Analyst,Infosys Singapore & Australia,"Sydney, Sydney Region",,
Business Analyst,Telstra,Australia,,
Business Analyst,APS,Australia,,
Software Engineer in Test,Imetris Corporation,India,sql,sql
Software Engineer - Frontend,OperForce AI,"Pune, Maharashtra",,
Software Engineer in Test,Mirchi,"Noida, Ghaziabad","python, excel",python
Software Engineer in Test,Mirchi,"Noida, Ghaziabad","python, excel",excel
Frontend Software Engineer,Continuous,India,,
Backend Software Engineer,Inbo.club,India,,
Software Engineer in Test,Applicantz,"Bangalore, Karnataka",excel,excel
Software Engineer in Test,Insight Global,India,python,python
Software Engineer in Test,Insight Global,"Bangalore, Karnataka",python,python
Software Engineer in Test,Tezo,"Hyderabad, Telangana","python, sql",python
Software Engineer in Test,Tezo,"Hyderabad, Telangana","python, sql",sql
Software Engineer in Test,Birlasoft,"Pune, Maharashtra",excel,excel
Software Engineer in Test,Horizontal,India,python,python
Software Engineer in Test,Airtel Digital,"Pune, Maharashtra",,
Software Engineer in Test,Creospan Private Limited,"Pune, Maharashtra",,
Software Engineer in Test,Publicis Sapient,"Pune, Maharashtra",,
Software Engineer in Test,"Tyfone, Inc.","Bangalore, Karnataka",,
Software Engineer in Test,Publicis Sapient,"Hyderabad, Telangana",,
Software Engineer in Test,Publicis Sapient,"Mumbai, Maharashtra",,
Software Engineer in Test,Publicis Sapient,"Bangalore, Karnataka",,
Software Engineer - Web,Pocket FM,India,,
Software Engineer in Test,Publicis Sapient,"Chennai, Tamil Nadu",,
Software Engineer in Test,Kresta Softech Private Limited,"Bangalore, Karnataka",sql,sql
Software Engineer - Flutter,Zignuts Technolab,"Gandhinagar, Gujarat",,
Software Engineer in Test,Concentrix,"Bangalore, Karnataka",,
Software Engineer in Test,Auxia,"Bangalore, Karnataka",,
Software Engineer (Platform/ Routing),Arista Networks,"Bangalore, Karnataka",,
Staff Software Engineer-Frontend,Tekion Corp,"Bangalore, Karnataka",,
Sr. Software Engineer – Frontend,Kamet Consulting Group,"Hyderabad, Telangana",,
Staff IT Software Engineer,Palo Alto Networks,"Bangalore, Karnataka",,
Embedded System Software Engineer,Vir Innovations Pvt. Ltd.,"Hyderabad, Telangana",,
Senior Software Engineer - Backend,Pocket FM,India,,
Senior Frontend Software Engineer,Atlassian,India,,
Lead Software Engineer - Web,Pocket FM,India,,
Senior Software Engineer ( Frontend ),Triomics,"Bangalore, Karnataka",,
Vice President of Software Engineering,Idexcel,"Bangalore, Karnataka","sql, aws, machine learning",sql
Vice President of Software Engineering,Idexcel,"Bangalore, Karnataka","sql, aws, machine learning",aws
Vice President of Software Engineering,Idexcel,"Bangalore, Karnataka","sql, aws, machine learning",machine learning
Software Engineer in Test I,Quartic.ai,India,,
Vice President of Software Engineering,Intellect Design Arena Ltd,"Chennai, Tamil Nadu",excel,excel
Software Engineer _Data Quality,Giant Eagle GCC,"Bangalore, Karnataka",,
Senior Software Engineer (Platform),Arrowhead,"Bangalore, Karnataka",,
Staff IT Software Engineer,Palo Alto Networks,"Bangalore, Karnataka",,
Senior Software Engineer in Test,Applicantz,"Pune, Maharashtra",excel,excel
Vice President of Software Engineering,Intellect Design Arena Ltd,"Mumbai, Maharashtra",excel,excel
Sr. Software Engineer (Frontend),HNR Tech,"Mumbai, Maharashtra",azure,azure
Software Engineer (Backend / AI),Raven,"Bangalore, Karnataka",,
Senior Software Engineer-Frontend,Mount Talent Consulting Pvt Ltd.,"Noida, Ghaziabad",,
Senior Software Engineer - Test,Pocket FM,India,python,python
Senior Software Engineer - Platform,Rippling,"Bangalore, Karnataka",,
Software Engineering Sr. Manager - Platform Software,Hewlett Packard Enterprise,"Bangalore, Karnataka",,
Senior Software Engineer Gen AI,Energy Exemplar,"Bangalore, Karnataka","python, sql",python
Senior Software Engineer Gen AI,Energy Exemplar,"Bangalore, Karnataka","python, sql",sql
Sr. Backend Software Engineer (GoLang),Harrier Information Systems,"Mumbai, Maharashtra",,
Senior Software Engineer – Backend (Python),Kamet Consulting Group,"Hyderabad, Telangana",python,python
Lead Cybersecurity Software Engineer,Cox Automotive,"Fairburn, Fulton County",,
Lead Cybersecurity Software Engineer,Cox Automotive,US,,
Lead Cybersecurity Software Engineer,Cox Automotive,"Riverdale, Clayton County",,
Lead Cybersecurity Software Engineer,Cox Automotive,"Pine Lake, DeKalb County",,
Lead Cybersecurity Software Engineer,Cox Automotive,"Druid Hills, DeKalb County",,
Lead Cybersecurity Software Engineer,Cox Automotive,"Sandy Springs, Fulton County",,
Lead Cybersecurity Software Engineer,Cox Automotive,"College Park, Fulton County",,
Lead Cybersecurity Software Engineer,Cox Automotive,"East Point, Fulton County",,
Lead Cybersecurity Software Engineer,Cox Automotive,"Northlake, DeKalb County",,
Lead Cybersecurity Software Engineer,Cox Automotive,"Decatur, DeKalb County",,
Lead Cybersecurity Software Engineer,Cox Automotive,"Dunwoody, DeKalb County",,
Lead Cybersecurity Software Engineer,Cox Automotive,"Union City, Fulton County",,
Lead Cybersecurity Software Engineer,Cox Automotive,"Powder Springs, Cobb County",,
Lead Cybersecurity Software Engineer,Cox Automotive,"Candler-McAfee, DeKalb County",,
Lead Cybersecurity Software Engineer,Cox Automotive,"Mableton, Cobb County",,
Lead Cybersecurity Software Engineer,Cox Automotive,"Avondale Estates, DeKalb County",,
Lead Cybersecurity Software Engineer,Cox Automotive,"Smyrna, Cobb County",,
Lead Cybersecurity Software Engineer,Cox Automotive,"Conley, Clayton County",,
Lead Cybersecurity Software Engineer,Cox Automotive,"Scottdale, DeKalb County",,
Lead Cybersecurity Software Engineer,Cox Automotive,"Vinings, Cobb County",,
Lead Cybersecurity Software Engineer,Cox Automotive,"North Decatur, DeKalb County",,
Lead Cybersecurity Software Engineer,Cox Automotive,"Brookhaven, Fulton County",,
Lead Cybersecurity Software Engineer,Cox Automotive,"Peachtree Corners, Gwinnett County",,
Lead Cybersecurity Software Engineer,Cox Automotive,"Marietta, Cobb County",,
Lead Cybersecurity Software Engineer,Cox Automotive,"Chamblee, DeKalb County",,
Lead Cybersecurity Software Engineer,Cox Automotive,"Forest, Clayton County",,
"Software Engineering Manager, eero Core Engineering",Amazon.com Services LLC,"Tenderloin, San Francisco",,
"Sr. Device Software Engineer, Kuiper Government Solutions",KGS LLC,"Northridge, Los Angeles County",,
Senior Software Engineer,BOEING,"Robertson, Saint Louis County",,
Weapons Associate Software Engineer,Boeing,"Kampville Court, Saint Charles County",python,python
Senior Software Engineer–Simulation,Boeing,"Robertson, Saint Louis County",,
Weapons Associate Software Engineer,BOEING,"Kampville Court, Saint Charles County",,
Software Engineers-Simulation (Associate or Experienced),Boeing,"Berkeley, Saint Louis County",,
Data Software Engineer,DataAnnotation,"Savannah, Chatham County",python,python
Backend Software Engineer,Robert Half,"New York City, New York",,
"Software Engineer-Embedded (Associate, Mid-Level)",BOEING,"Kampville Court, Saint Charles County",,
"Embedded Software Dev Engineer, Simulation Foundations",Amazon Kuiper Manufacturing Enterprises LLC,"Redmond, King County",,
"Software Development Engineer II, Project Kuiper",Amazon Kuiper Manufacturing Enterprises LLC,"Redmond, King County",,
Software Engineer,MedPOINT Management,"Los Angeles, Los Angeles County",,
Software Engineer,Robert Half,"Calabasas, Los Angeles County",,
Software Engineer,Not Disclosed,"Irvine, Orange County",sql,sql
Software Engineer,HARBOR OBJECTS,"Irvine, Orange County",,
Back-End Software Engineer,Lion Energy,"American Fork, Utah County",,
Senior Software Engineer,Saab,"Quincy, Norfolk County",,
Pod Software Engineer,Etched,"San Jose, Santa Clara County",,
"Sr. Software Dev. Engineer/MLE, AGI Customization",Amazon.com Services LLC,"Boston, Suffolk County",machine learning,machine learning
"Senior Lead, Software Engineer (Back End)",Capital One,"Plano, Collin County",,
"Senior Lead, Software Engineer (Full Stack)",Capital One,"Plano, Collin County",,
Senior Software Engineer,Eterna Insurance Solutions,"Irvine, Orange County",,
Senior Software Engineer,Robert Half,"Calabasas, Los Angeles County",,
Software Engineer,JLA Resourcing Ltd,"Normanton, West Yorkshire",python,python
Software Engineer,Fortice Ltd,"Manchester, Greater Manchester",excel,excel
Software Engineer,No1 Legal and Professional,"London, UK","sql, azure",sql
Software Engineer,No1 Legal and Professional,"London, UK","sql, azure",azure
Software Engineer,Mars Recruitment,"Didcot, Oxfordshire",,
Software Engineer,Lorien,"London, UK",,
Software Engineer,Iceland,UK,,
Software Engineer,Be-IT Resourcing,"Glasgow City Centre, Glasgow",,
Software Engineer,Be-IT Resourcing,"Glasgow City Centre, Glasgow",,
Software Engineer,Searchability,"Hungerford, West Berkshire","sql, azure",sql
Software Engineer,Searchability,"Hungerford, West Berkshire","sql, azure",azure
Software Engineer,Shorterm Group,"Eastleigh, Hampshire",,
Software Engineer,Iceland,UK,,
Software Engineer,Iceland,UK,,
Software Engineer,Reed,"Marton-In-Cleveland, Middlesbrough","sql, azure",sql
Software Engineer,Reed,"Marton-In-Cleveland, Middlesbrough","sql, azure",azure
Software Engineer,HR CAREERS & NATIONWIDE RECRUITMENT SERVICE,"Birmingham, West Midlands",,
Software Engineer,MBDA,"Stevenage, Hertfordshire",,
Software Engineer,esure Group,"Manchester, Greater Manchester",,
Software Engineer,Sanderson,"Hereford, Herefordshire",python,python
Software engineer,Lorien,"Edinburgh Technopole, Milton Bridge",python,python
Software Engineer,Aviva,"Norwich, Norfolk",,
Software Engineer,Department for Work and Pensions,"Newcastle Upon Tyne, Tyne & Wear",,
Senior Software Engineer,QiStaff Recruiting,"Bangor, Gwynedd",,
Lead Software Engineer,Platform Recruitment Limited,"Guildford, Surrey",,
Principal Software Engineer,Copello,"Cheltenham, Gloucestershire",,
Electronic Software Engineer,KO2 Embedded Recruitment Solutions LTD,"Balsall Heath, Birmingham",,
Senior Software Engineer,Verifile Ltd,"Cardington, Bedford",,
Senior Software Engineer,Halian Technology Limited,"London, UK",excel,excel
Senior Software Engineer,Experis,"Sheffield, South Yorkshire",,
HPC Software Engineer,AWE Plc,"Pamber Heath, Tadley",,
DSP Software Engineer,Singular Recruitment,"Cambridge, Cambridgeshire",,
Software Engineer - Ruby,Develop,UK,,
Lead Software Engineer,InterQuest Group  Limited,"Chester, Cheshire",,
Embedded Software Engineer,Technical Prospects,"Knaresborough, North Yorkshire",excel,excel
Data Software Engineer,Atrium Workforce Solutions Ltd,"London, UK",,
Software Engineer/ Analyst,Career Cross Ltd,"London, UK",excel,excel
Senior Software Engineer,Apache Associates,"Hungerford, West Berkshire",sql,sql
Lead Software Engineer,Mars Recruitment,"Abingdon, Oxfordshire",python,python
Software Engineer - London,Atrium Workforce Solutions Ltd,"London, UK",machine learning,machine learning
Software Engineer - Technologist,Client Server Ltd.,"Newcastle Upon Tyne, Tyne & Wear",,
Python Software Engineer,Atrium Workforce Solutions Ltd,"Bourne, Lincolnshire",python,python
Senior Software Engineer,Asset Resourcing Limited,"Uxbridge, London",sql,sql
C++ Software Engineer,Certain Advantage,"Bristol, South West England",,
Adoption Software Engineer,Randstad Technologies,"London, UK",,
Software Engineer - Edinburgh,SR2,"Edinburgh Technopole, Milton Bridge",,
Head of Software Engineering,Adria Solutions,"Manchester, Greater Manchester",,
Embedded Software Engineer,DCS Recruitment,"Hampshire, South East England",,
Data & Software Engineer,Ada Meher,"London, UK",,
Lead Software Engineer,Anson McCade Ltd - IT and Finance Recruitment,"Newcastle Upon Tyne, Tyne & Wear",,
Software Engineer React,Certain Advantage,"London, UK",,
Senior Software Engineers,The One Group,"Gloucestershire, South West England",,
Senior Software Engineer,MBDA,"Bristol, South West England",,
Software Engineer,Insight Global,"Toronto, Ontario",excel,excel
Software Engineer,MUFG,"Toronto, Ontario",,
Software Engineer/ Senior Software Engineer,"Applied Systems, Inc.",Canada,,
Software Engineer,Amplifier Health,"Calgary, Calgary region",,
software engineering,Trispoke managed services,"Alberta, Canada",,
Software Engineer,Atlantis IT group,"Regent Park, City of Toronto","python, sql",python
Software Engineer,Atlantis IT group,"Regent Park, City of Toronto","python, sql",sql
Software Engineer,LifeRaft,"Halifax region, Nova Scotia",,
Software Engineer,Rokt,"Calgary, Calgary region",,
Software Engineer,AssistIQ,"Toronto, Ontario",,
Software Engineer,Maneva,"Toronto, Ontario",,
Software Engineer,Lyft,"Toronto, Ontario",,
Software Engineer,Pop-Up Talent,"Ottawa, Ottawa region",,
Software Engineer,Workhoppers,"London, Middlesex",excel,excel
Software Engineer,Applied Biological Materials Inc,"Victoria-Fraserview, Vancouver",,
Software Engineer,Zetron,"Victoria, Capital",,
Software Engineer,Aviya Aerospace Systems,"Mississauga, Peel region",,
Software Engineer,Amplifier Health,"Calgary, Calgary region",,
Software Engineer,BFL CANADA Career,"Coal Harbour, Vancouver",,
Software Engineer,Beacon Software,"Toronto, Ontario",,
",Software Engineer",ResMed Halifax ULC,Canada,,
Software Engineer,Autodesk,Canada,,
Software Engineer,Arista Networks,"Greater Vancouver, British Columbia",,
Software Engineer,Mesa,Canada,,
Software Engineer,Bluedrop Training & Simulation,"Beechville, Halifax region",,
Software Engineer,Dynata,"Toronto, Ontario",,
Software Engineer,Zynga,"Toronto, Ontario",,
Software Engineer,Telesat,"Ottawa, Ottawa region",excel,excel
Software Engineer,Ciena Canada ULC,Canada,,
Software Engineer,LifeRaft,"Halifax, Halifax region",,
Software Engineer,Aviya Aerospace Systems,"Longueuil, Champlain",,
Software Engineer,Imagine Communications,"Scarborough, Toronto",,
Software Engineer,Alquemy,"Toronto, Ontario",,
Software Engineer,Alquemy,"Greater Vancouver, British Columbia",,
Software Engineer,Microsoft,"Greater Vancouver, British Columbia",,
Software Engineer,Venterra Realty,"Richmond Hill, York region",,
Software Engineer,Partner Experience XML Feed,"Toronto, Ontario",,
Software Engineer Job,AUGVATOR INC.,"Kanata, Ottawa region",,
Software Engineer,Evertz Microsystems Limited,"Burlington, Halton",python,python
Software Engineer,Evertz Microsystems Limited,"Burlington, Halton",python,python
Software Engineer,RBGlobal,"Mississauga, Peel region",,
Software Engineer,Scotiabank,"Toronto, Ontario",,
Software Engineer,Pierre Strand,"Hastings-Sunrise, Vancouver",,
Software Engineer,Index Exchange Referral,"Toronto, Ontario",,
Software Engineer,Morningstar,"Toronto, Ontario",,
Software Engineer,Rokt,"Calgary, Calgary region",,
Software Engineer,Waabi,"Toronto, Ontario",,
Software Engineer,AssistIQ,"Toronto, Ontario",,
Software Engineer,WOW 1 DAY PAINTING Inc.,"Vancouver, Greater Vancouver",,
Software Engineer,Thales,Canada,,
Software Engineer,Zone & Co,Canada,,
Software Engineer,Castle IT,"Geelong, Geelong Region",,
Software Engineer,UMAX Energy,"Sydney, Sydney Region",,
Software Engineer Required,AUZ Tech Expert,"South Morang, Whittlesea Area",,
Software Engineer (API Integration and Security),BTT Lawyers Pty Ltd,"Preston, Darebin Area",,
Senior Software Engineer,Neara,"The Rocks, Sydney",,
Senior Software Engineer,weave. Recruitment,"Leigh Creek, Moorabool Area",,
Senior Software Engineer,Australian Energy Market Operator ,"New South Wales, Australia",,
Senior Software Engineer,Vyro,Australia,,
Senior Software Engineer,VO,"The Rocks, Sydney",,
Senior Software Engineer,Australian Retirement Trust,Australia,,
Senior Software Engineer,FastLaneRecruit,"The Rocks, Sydney",,
Senior Software Engineer,SBM Marketing Communications,"The Rocks, Sydney",,
Senior Software Engineer,Woolworths Group,"The Rocks, Sydney",,
Senior Software Engineer,Evolution Australia,"The Rocks, Sydney",,
Senior Software Engineer,Halcyon Knights,"Leigh Creek, Moorabool Area",,
Senior Software Engineer,LexisNexis Risk Solutions,"The Rocks, Sydney",,
Senior Software Engineer,Macquarie Group,"Leigh Creek, Moorabool Area",,
Senior Software Engineer,Lyrebird Health,"Leigh Creek, Moorabool Area",,
Senior Software Engineer,UpGuard,"The Rocks, Sydney",,
Senior Software Engineer,Infinite Consulting,Australia,,
Senior Software Engineer,Plenti,"The Rocks, Sydney",,
Senior Software Engineer,Morgan McKinley,"The Rocks, Sydney",,
Senior Software Engineer,iterate,"Leigh Creek, Moorabool Area",python,python
Senior Software Engineer,Commonwealth Bank,"Leigh Creek, Moorabool Area",,
Senior Software Engineer,Dispensed Global,"The Rocks, Sydney",,
Senior Software Engineer,splose,"Largs North, Port Adelaide Area",,
Senior Software Engineer,Vix Technology,"Leigh Creek, Moorabool Area",,
Senior Software Engineer,Yellowbox,"The Rocks, Sydney",,
Senior Software Engineer,Salient Group,"The Rocks, Sydney","python, aws",python
Senior Software Engineer,Salient Group,"The Rocks, Sydney","python, aws",aws
Senior Software Engineer,VGW,"The Rocks, Sydney",,
Senior Software Engineer,Zipline.io,"The Rocks, Sydney",,
Senior Software Engineer,Commonwealth Bank,"Leigh Creek, Moorabool Area",,
Senior Software Engineer,ELMO Software,"The Rocks, Sydney",,
Senior Software Engineer,TheDriveGroup,"The Rocks, Sydney",,
Senior Software Engineer,Staatliche Hochschule für Musik und Darstellende Kunst Mannheim,"Leigh Creek, Moorabool Area",,
Senior Software Engineer,Qustodio ,"Perth CBD, Perth",,
Senior Software Engineer,Computershare Australia,"Leigh Creek, Moorabool Area",,
Senior Software Engineer,Woolworths Group,"The Rocks, Sydney",,
Senior Software Engineer,Stake,"The Rocks, Sydney",,
Software Engineer - Android,Blinq,"The Rocks, Sydney",,
Senior Software Engineer,TRAILD,Australia,,
"Software Engineer, Senior",Blackbaud,"The Rocks, Sydney",,
Senior Software Engineer,Commonwealth Bank,"The Rocks, Sydney",,
Senior Software Engineer,BIG W,"The Rocks, Sydney",,
Senior Software Engineer,Seibold GmbH,"The Rocks, Sydney",,
Senior Software Engineer,Cover Genius,"The Rocks, Sydney",,
Senior Software Engineer,Woolworths Group,"The Rocks, Sydney",,
Senior Software Engineer,ZeroFlucs,Australia,,
Senior Software Engineer,Commonwealth Bank,"The Rocks, Sydney",,
Senior Software Engineer,Seer Data & Analytics,"The Rocks, Sydney",,
